Compound,Date,Negative,Neutral,Positive,Source,Tweet,Tweets Ago
-0.875,Tue Mar 20 18:46:10 +0000 2018,0.444,0.556,0.0,@BBCNews,Man guilty of hate crime for filming pug's 'Nazi salutes' https://t.co/UHAGJky1wP,1
-0.5574,Tue Mar 20 18:40:36 +0000 2018,0.847,0.153,0.0,@BBCNews,RAF spokesman confirms an engineer from the Red Arrows aerobatics team has died and a pilot is in hospital after a… https://t.co/jujlJXfEe3,2
-0.2144,Tue Mar 20 18:27:04 +0000 2018,0.598,0.236,0.166,@BBCNews,"RT @BBCBreaking: Engineer killed but pilot survived Red Arrows jet crash in north Wales earlier, RAF spokesman says https://t.co/Te4ebY3opa",3
0.0,Tue Mar 20 18:07:01 +0000 2018,1.0,0.0,0.0,@BBCNews,Jennie Formby named as Labour's new general secretary https://t.co/YsHOL3Md9C,4
-0.1893,Tue Mar 20 17:53:09 +0000 2018,0.932,0.068,0.0,@BBCNews,"RT @bbcweather: Cold snap or snow at Easter? The weather over Easter is still very uncertain, but it's not out of the realms of possibility…",5
0.0,Tue Mar 20 17:46:03 +0000 2018,1.0,0.0,0.0,@BBCNews,Katie Boyle: Former TV host dies aged 91 https://t.co/fb4clFlczI,6
-0.3818,Tue Mar 20 17:46:03 +0000 2018,0.809,0.191,0.0,@BBCNews,Stephen Hawking's ashes to be interred near Sir Isaac Newton's grave https://t.co/2Jzi0v14xR,7
-0.296,Tue Mar 20 16:44:54 +0000 2018,0.909,0.091,0.0,@BBCNews,RT @BBCBreaking: Ashes of Professor Stephen Hawking will be interred at Westminster Abbey near the graves of Sir Isaac Newton and Charles D…,8
-0.4019,Tue Mar 20 16:42:55 +0000 2018,0.87,0.13,0.0,@BBCNews,"RT @BBCWalesNews: Red Arrows crash eyewitness Howard Rigby heard an explosion and saw a ball of flames

Full story: https://t.co/993EsSZxGh…",9
-0.5994,Tue Mar 20 15:07:58 +0000 2018,0.698,0.302,0.0,@BBCNews,Sophie Lionnet death: Nanny 'pushed to confirm Boyzone claims' https://t.co/Wyp3d92Ngv,10
0.4767,Tue Mar 20 14:50:45 +0000 2018,0.707,0.092,0.201,@BBCNews,"RT @VictoriaLIVE: Actor Michael Sheen says he's investing his own money to fight high cost credit firms, after seeing friends and family af…",11
-0.802,Tue Mar 20 14:50:34 +0000 2018,0.455,0.545,0.0,@BBCNews,Exeter university students suspended over racism claims https://t.co/mcmSKpL7kn,12
0.0,Tue Mar 20 14:39:31 +0000 2018,1.0,0.0,0.0,@BBCNews,Aircraft crashes at RAF Valley on Anglesey https://t.co/3pbwZBLhow,13
0.0,Tue Mar 20 14:31:44 +0000 2018,1.0,0.0,0.0,@BBCNews,RT @BBCEngland: Ed Sheeran wants to build a private chapel on his Suffolk estate - but could newts put paid to his plans? https://t.co/g7zb…,14
-0.296,Tue Mar 20 14:20:03 +0000 2018,0.885,0.115,0.0,@BBCNews,#DeleteFacebook is trending after Cambridge Analytica is accused of using the personal data of 50 million Facebook… https://t.co/C6oYrURXI2,15
0.0,Tue Mar 20 14:16:25 +0000 2018,1.0,0.0,0.0,@BBCNews,Cambridge Analytica: Committee calls for Mark Zuckerberg evidence https://t.co/JT94IpzAI7,16
0.0,Tue Mar 20 13:58:06 +0000 2018,1.0,0.0,0.0,@BBCNews,"UK is ""disappointed"" EU will continue to set fish quotas during #Brexit transition, Environment Secretary Michael G… https://t.co/GqwsXOtWFE",17
0.3182,Tue Mar 20 13:44:53 +0000 2018,0.777,0.0,0.223,@BBCNews,Access to work: Funding increase for disabled workers https://t.co/lAOnp8RmlP,18
0.6124,Tue Mar 20 13:21:25 +0000 2018,0.739,0.0,0.261,@BBCNews,"What is it like to grow up with HIV? Meet three teenagers who want to share their stories. 

https://t.co/FS5d4oGfeq https://t.co/F7tXE7VFel",19
0.0,Tue Mar 20 12:40:15 +0000 2018,1.0,0.0,0.0,@BBCNews,Prince Harry and Meghan Markle choose their wedding cake https://t.co/vTlym0DvMj,20
-0.743,Tue Mar 20 11:38:12 +0000 2018,0.559,0.441,0.0,@BBCNews,"Telford abuse victim let down by authorities, says daughter https://t.co/qrRvxAlyhz",21
0.0,Tue Mar 20 11:25:08 +0000 2018,1.0,0.0,0.0,@BBCNews,Grenfell Tower: Council spends £21m keeping survivors in hotels https://t.co/6Ym9Pim8Uq,22
0.0772,Tue Mar 20 11:19:38 +0000 2018,0.843,0.0,0.157,@BBCNews,Cambodia: Briton given jail sentence over 'pornography' https://t.co/lCdXnSbTiJ,23
0.0,Tue Mar 20 10:55:04 +0000 2018,1.0,0.0,0.0,@BBCNews,Human remains found at 'cluttered' Aberaeron house https://t.co/f8kH7kVR39,24
-0.6124,Tue Mar 20 10:55:04 +0000 2018,0.583,0.417,0.0,@BBCNews,Spy poisoning: Russian diplomats prepare to leave UK https://t.co/LjgkUF551r,25
-0.4767,Tue Mar 20 10:13:21 +0000 2018,0.607,0.279,0.113,@BBCNews,"Motoring firm says bad weather means many local roads now pose a ""serious risk to the safety of users""
https://t.co/XlcNuMgevI",26
0.0,Tue Mar 20 10:08:23 +0000 2018,1.0,0.0,0.0,@BBCNews,"RT @BBCBreaking: FBI is investigating a blast at a FedEx depot in Texas, in the wake of four explosions in recent weeks https://t.co/NAg1Kg…",27
0.0,Tue Mar 20 09:39:21 +0000 2018,1.0,0.0,0.0,@BBCNews,UK inflation rate falls to 2.7% https://t.co/HkT53jMbEA,28
0.0,Tue Mar 20 09:38:12 +0000 2018,1.0,0.0,0.0,@BBCNews,"RT @BBCBreaking: UK inflation fell to 2.7% in February, as measured by Consumer Prices Index, down from 3% in January https://t.co/biny3Nxm…",29
-0.4019,Tue Mar 20 08:39:43 +0000 2018,0.787,0.213,0.0,@BBCNews,"RT @BBCPolitics: Working dads lose out in workplace, say MPs https://t.co/wLW3nFGCv0",30
0.0,Tue Mar 20 08:39:22 +0000 2018,1.0,0.0,0.0,@BBCNews,RT @zsk: Here's my guide to the  #CambridgeAnalyticaFiles story so far. Now waiting for Zuckerberg to respond... https://t.co/oVin3Rpazo,31
0.0,Tue Mar 20 08:38:42 +0000 2018,1.0,0.0,0.0,@BBCNews,RT @BBCFergusWalsh: Five new medical schools revealed: https://t.co/cw8Sjpqc3Q https://t.co/O7PTkUWsjd,32
-0.5994,Tue Mar 20 07:45:08 +0000 2018,0.642,0.358,0.0,@BBCNews,Telford pensioner investigated for Nazi war crimes https://t.co/ceHnNfrU2B,33
-0.4019,Tue Mar 20 07:18:52 +0000 2018,0.69,0.31,0.0,@BBCNews,Man injured in Hackney police shooting https://t.co/Qjac5BRxNC,34
0.4215,Tue Mar 20 06:27:00 +0000 2018,0.763,0.0,0.237,@BBCNews,Child rescued from car in river at Cardigan dies https://t.co/jF7bz4P0o9,35
0.4939,Tue Mar 20 05:39:47 +0000 2018,0.686,0.0,0.314,@BBCNews,Brexit: EU implementation agreement 'betrays' UK fishermen https://t.co/YYCgF6WBCS,36
0.0,Tue Mar 20 03:21:32 +0000 2018,1.0,0.0,0.0,@BBCNews,Police call for 'counter-terrorism citizens' https://t.co/gua6HoRdjK,37
-0.4767,Tue Mar 20 02:22:25 +0000 2018,0.744,0.256,0.0,@BBCNews,Thousands of miles of UK roads in poor condition https://t.co/UmBa42GDLs,38
-0.3182,Tue Mar 20 02:22:23 +0000 2018,0.465,0.318,0.217,@BBCNews,'Sexual misconduct' at disaster aid charity Shelterbox https://t.co/nt5dDeaa77,39
0.0,Tue Mar 20 01:08:55 +0000 2018,1.0,0.0,0.0,@BBCNews,Alfie Dingley's medical cannabis petition to be handed to government https://t.co/LnYFKk1zhW,40
0.5106,Tue Mar 20 01:08:53 +0000 2018,0.769,0.0,0.231,@BBCNews,Class A drugs 'brought in for patients' at Essex mental health trust https://t.co/EFrekdIwoj,41
0.0,Tue Mar 20 01:04:57 +0000 2018,1.0,0.0,0.0,@BBCNews,Under-doctored areas to get new medical schools https://t.co/9r7vkJlS05,42
-0.4019,Tue Mar 20 01:00:40 +0000 2018,0.748,0.252,0.0,@BBCNews,"Working dads lose out in workplace, say MPs https://t.co/12JlFk0ZNY",43
0.0,Tue Mar 20 00:56:27 +0000 2018,1.0,0.0,0.0,@BBCNews,"A third of Easter egg weight can be packaging, Which? says https://t.co/0qz0Dr9l10",44
0.0,Tue Mar 20 00:56:27 +0000 2018,1.0,0.0,0.0,@BBCNews,Prices could fall after Brexit 'if UK abolishes tariffs' https://t.co/hAvcTNgnZw,45
-0.5859,Tue Mar 20 00:51:30 +0000 2018,0.703,0.297,0.0,@BBCNews,Spy poisoning: Corbyn says 'all fingers' point to Russia https://t.co/OO5GVYBBZn,46
-0.4588,Mon Mar 19 22:38:15 +0000 2018,0.833,0.167,0.0,@BBCNews,"Tuesday's Daily Mail
""A cure for disease that robs thousands of sight""

#tomorrowspaperstoday
#bbcpapers
(via… https://t.co/CnQxZoKc5o",47
0.0,Mon Mar 19 22:35:49 +0000 2018,1.0,0.0,0.0,@BBCNews,"Tuesday's Daily Mirror: 
""Ant back in rehab""

#tomorrowspaperstoday
#bbcpapers
(via @BBCHelenaLee) https://t.co/K6Odw6ZYOF",48
0.0,Mon Mar 19 22:34:03 +0000 2018,1.0,0.0,0.0,@BBCNews,"Tuesday's Daily Telegraph: 
""Fishermen 'betrayed' by May's Brexit deal""

#tomorrowspaperstoday
#bbcpapers
(via… https://t.co/tbAN05Sgy9",49
-0.5267,Mon Mar 19 22:26:15 +0000 2018,0.732,0.268,0.0,@BBCNews,"Tuesday's Guardian
""Data firm's executives caught boasting of dirty tricks to swing elections""… https://t.co/thEEQKq8xk",50
0.5023,Mon Mar 19 22:22:03 +0000 2018,0.628,0.129,0.243,@BBCNews,RT @BBCkatyaadler: Green light for transition deal but - to temper excitement - EU #Brexit mantra is: Nothing is agreed until Everything is…,51
0.0,Mon Mar 19 22:15:39 +0000 2018,1.0,0.0,0.0,@BBCNews,"Tuesday's Sun
""Ant off TV.. and back in rehab ""

#tomorrowspaperstoday
#bbcpapers
(via @BBCHelenaLee) https://t.co/Ka460ncTzu",52
-0.7506,Mon Mar 19 22:04:28 +0000 2018,0.738,0.262,0.0,@BBCNews,"""I knew she might be killed.""

Father speaks of daughter's death fighting with all-female Kurdish armed unit in Syr… https://t.co/TSQLMPxgZg",53
-0.5994,Mon Mar 19 22:00:43 +0000 2018,0.642,0.358,0.0,@BBCNews,Commons bullying: Outside figure to head inquiry https://t.co/j6XPOuWVun,54
0.0,Mon Mar 19 21:52:44 +0000 2018,1.0,0.0,0.0,@BBCNews,"Tuesday's Metro
""Brexit breakthrough""

#tomorrowspaperstoday
#bbcpapers
(via @BBCHelenaLee) https://t.co/SGyZN67rFA",55
0.0,Mon Mar 19 21:48:46 +0000 2018,1.0,0.0,0.0,@BBCNews,"Tuesday's i
""Britain takes a big step towards Brexit deal""

#tomorrowspaperstoday
#bbcpapers
(via @BBCHelenaLee) https://t.co/uQlIL6PUSy",56
0.5859,Mon Mar 19 21:45:12 +0000 2018,0.833,0.0,0.167,@BBCNews,RT @BBCScotlandNews: Some amazing footage of the Northern Lights and a mysterious aurora phenomenon dubbed Steve spotted by stargazers in S…,57
0.3612,Mon Mar 19 21:44:38 +0000 2018,0.643,0.135,0.222,@BBCNews,"Tuesday's Daily Express 
""Miracle cure for sight loss""

#tomorrowspaperstoday
#bbcpapers
(via @BBCHelenaLee) https://t.co/QoXhdLgg7d",58
0.0,Mon Mar 19 21:07:58 +0000 2018,1.0,0.0,0.0,@BBCNews,"RT @BBCOne: They've finally quacked the case.

https://t.co/eq4dLcauhe",59
0.0,Mon Mar 19 21:06:52 +0000 2018,1.0,0.0,0.0,@BBCNews,Cambridge Analytica: Warrant sought to inspect company https://t.co/WB0gogrQSd,60
-0.5994,Mon Mar 19 20:54:22 +0000 2018,0.642,0.358,0.0,@BBCNews,Mariam Moustafa death in Nottingham 'not hate-related' https://t.co/pPkXcCED0K,61
0.4215,Mon Mar 19 20:13:55 +0000 2018,0.714,0.0,0.286,@BBCNews,Child rescued from car in Cardigan river https://t.co/hAUQ4bxN8C,62
-0.7579,Mon Mar 19 19:49:36 +0000 2018,0.519,0.481,0.0,@BBCNews,St Leonards shooting: Man charged with double murder https://t.co/TgTYbx5vfv,63
-0.1027,Mon Mar 19 18:15:53 +0000 2018,0.833,0.167,0.0,@BBCNews,Channel 4 has gender pay gap of 24.2% https://t.co/sWB4acJtew,64
0.0,Mon Mar 19 18:03:28 +0000 2018,1.0,0.0,0.0,@BBCNews,Parsons Green: Bomber's foster mother felt 'betrayed' https://t.co/VXpAteAdH6,65
0.0,Mon Mar 19 18:03:08 +0000 2018,1.0,0.0,0.0,@BBCNews,RT @bbcweather: Temperatures will be on the rise over the next few days... Jo https://t.co/VQtCCxR568,66
0.0,Mon Mar 19 16:37:10 +0000 2018,1.0,0.0,0.0,@BBCNews,Ant McPartlin 'goes back into treatment' https://t.co/cJ0D46L549,67
0.0,Mon Mar 19 16:37:10 +0000 2018,1.0,0.0,0.0,@BBCNews,Macular degeneration: 'I've been given my sight back' https://t.co/y2JFzDojO8,68
0.5859,Mon Mar 19 16:24:25 +0000 2018,0.636,0.095,0.268,@BBCNews,"RT @BBCWorld: ""Russia's response has demonstrated a disregard for international peace and security"" - @NATO Secretary General Jens Stoltenb…",69
0.5984,Mon Mar 19 16:14:12 +0000 2018,0.786,0.0,0.214,@BBCNews,"""It feels like a miracle.""

Woman diagnosed with MS says she is completely well after ""game changing"" stem cell tre… https://t.co/ECNN8L87vE",70
-0.6369,Mon Mar 19 15:49:32 +0000 2018,0.634,0.366,0.0,@BBCNews,Nikolai Glushkov: Police say no forced entry at Russian's home https://t.co/ZpeHC0sSBl,71
-0.6597,Mon Mar 19 15:49:32 +0000 2018,0.645,0.355,0.0,@BBCNews,Sophie Lionnet trial: Burned nanny 'murdered by employers' https://t.co/Y8f32z8JYk,72
0.836,Mon Mar 19 15:35:08 +0000 2018,0.603,0.0,0.397,@BBCNews,"A teacher from London has won a competition to find the world’s best teacher

https://t.co/PPwpBlCzSs https://t.co/YqEpHaKtkT",73
0.0,Mon Mar 19 15:18:50 +0000 2018,1.0,0.0,0.0,@BBCNews,Senior Labour officials quit ahead of new general secretary https://t.co/MpHuRj2JFD,74
-0.1531,Mon Mar 19 14:24:10 +0000 2018,0.583,0.233,0.183,@BBCNews,Carpetright and Mothercare shares dive on trading worries https://t.co/PQZLxiLCan,75
-0.7964,Mon Mar 19 14:11:03 +0000 2018,0.426,0.574,0.0,@BBCNews,Hoax bomb threats sent to hundreds of schools https://t.co/omMkm1RrDC,76
0.875,Mon Mar 19 13:24:22 +0000 2018,0.667,0.0,0.333,@BBCNews,RT @BBCAfrica: The teenager with a zoo in his mouth - Listen to 19-year-old Justice Osei from Ghana show BBC Pidgin his amazing talent for…,77
0.4215,Mon Mar 19 13:11:13 +0000 2018,0.872,0.0,0.128,@BBCNews,"""The United Kingdom will be able to ratify new trade deals - Brexit Secretary David Davis says businesses will not… https://t.co/1QN7M7S9Vk",78
-0.2023,Mon Mar 19 12:54:55 +0000 2018,0.833,0.167,0.0,@BBCNews,Gravesend nightclub: Man charged after car driven into Blake's https://t.co/M8DBXq78Kz,79
0.0,Mon Mar 19 12:46:43 +0000 2018,1.0,0.0,0.0,@BBCNews,BBC wants to keep FM radio for longer https://t.co/eGnskU3mZ4,80
-0.3612,Mon Mar 19 12:34:37 +0000 2018,0.628,0.238,0.134,@BBCNews,RT @bbclaurak: Keir Starmer - ‘this agreement could have been signed months ago’ - ‘ministers wasted time fighting among themselves’,81
0.25,Mon Mar 19 12:15:19 +0000 2018,0.833,0.0,0.167,@BBCNews,"RT @BBCBreaking: EU's negotiator Michel Barnier hails ""decisive step"" towards UK's orderly withdrawal from EU https://t.co/2FtRgsHKdd #Brex…",82
0.3612,Mon Mar 19 12:09:57 +0000 2018,0.8,0.0,0.2,@BBCNews,The UK and EU agree terms for Brexit transition period https://t.co/8WWLh1Ih1v,83
0.2023,Mon Mar 19 12:09:21 +0000 2018,0.886,0.0,0.114,@BBCNews,"RT @ChrisMasonBBC: David Davis says today amounts to ""another significant step"" in the Brexit negotiations",84
-0.6369,Mon Mar 19 11:42:37 +0000 2018,0.625,0.375,0.0,@BBCNews,'Flawed' probe into Army instructors' abuse halted https://t.co/jSoRmdCPWO,85
-0.7717,Mon Mar 19 11:42:37 +0000 2018,0.642,0.358,0.0,@BBCNews,Serial killer Stephen Port: Report into Met's handling of case 'will be damning' https://t.co/mTpnOZhIrp,86
0.0,Mon Mar 19 11:34:18 +0000 2018,1.0,0.0,0.0,@BBCNews,"RT @BBCNewsbeat: A new report suggests clubbers should be given places to test drugs on a night out.

""It reduces the amount of people goin…",87
-0.3182,Mon Mar 19 11:33:53 +0000 2018,0.813,0.187,0.0,@BBCNews,"RT @BBCBusiness: 'I lost £15,000 in a day on gambling terminals' https://t.co/86heRFEROo",88
-0.7096,Mon Mar 19 11:33:45 +0000 2018,0.629,0.371,0.0,@BBCNews,RT @BBCTech: Robot Wars has been axed by the BBC again https://t.co/El0NWglY2e,89
0.2263,Mon Mar 19 11:29:32 +0000 2018,0.552,0.166,0.282,@BBCNews,UK tech giant Micro Focus halves in value as shares crash https://t.co/YAYYD4ztmX,90
-0.6808,Mon Mar 19 11:10:52 +0000 2018,0.741,0.259,0.0,@BBCNews,RT @bbcthree: 'I forget my PE kit deliberately' - we spoke to the boys who hate sport. https://t.co/11TJmy3IBz https://t.co/aX8MEJIlKf,91
0.2617,Mon Mar 19 11:08:29 +0000 2018,0.701,0.149,0.151,@BBCNews,"RT @VictoriaLIVE: Telford abuse: ""Victims were trying to disclose to people and nobody believed them, but now they feel the strength to spe…",92
0.5994,Mon Mar 19 11:05:05 +0000 2018,0.822,0.0,0.178,@BBCNews,"RT @BBCPanorama: ""John McEnroe makes at least £150,000 - I get about £15,000 for Wimbledon.""

Former tennis champion and Wimbledon commenta…",93
-0.7579,Mon Mar 19 10:33:29 +0000 2018,0.698,0.302,0.0,@BBCNews,US Army St Patrick's Day video showing shamrocks being fired from weapons gets mixed response online https://t.co/EeELEq2A20,94
-0.7096,Mon Mar 19 10:13:03 +0000 2018,0.702,0.231,0.067,@BBCNews,"In 1937 an abandoned baby girl was found by chance. Now aged 80, she wants to know why she was left to die.

https://t.co/QLNPyYlKDh",95
-0.0258,Mon Mar 19 09:53:58 +0000 2018,0.551,0.228,0.22,@BBCNews,Liz Hurley wants safer streets after nephew stabbed https://t.co/x49qTUUbPa,96
0.0,Mon Mar 19 07:58:20 +0000 2018,1.0,0.0,0.0,@BBCNews,Cardinal Keith O'Brien dies after fall https://t.co/tH5gReUmM3,97
-0.2732,Mon Mar 19 07:26:03 +0000 2018,0.792,0.208,0.0,@BBCNews,Fixed-odds maximum bet 'should be cut to £30' https://t.co/Av6DUTpCy3,98
-0.7906,Mon Mar 19 06:03:56 +0000 2018,0.533,0.467,0.0,@BBCNews,Briton Anna Campbell killed fighting with Kurdish YPJ unit https://t.co/fMtMAjRnNU,99
-0.5423,Mon Mar 19 05:39:46 +0000 2018,0.696,0.304,0.0,@BBCNews,Russian spy: International team to test Salisbury poison https://t.co/C3PejusFr9,100
0.0,Tue Mar 20 18:50:31 +0000 2018,1.0,0.0,0.0,@CBSNews,"Aerial footage shows investigators at a FedEx distribution center near San Antonio, Texas, after a package heading… https://t.co/Chs5d9rCEH",1
-0.3182,Tue Mar 20 18:25:01 +0000 2018,0.874,0.126,0.0,@CBSNews,"Pres. Trump congratulates Vladimir Putin on victory in election fraught with ballot stuffing accusations; ""an Ameri… https://t.co/CUQNIYe0wQ",2
0.0,Tue Mar 20 18:20:44 +0000 2018,1.0,0.0,0.0,@CBSNews,NOW: Pres. Trump discusses sanctuary cities at White House roundtable https://t.co/6eKPFMk15x https://t.co/sYuzHZn3NM,3
0.296,Tue Mar 20 18:15:12 +0000 2018,0.885,0.0,0.115,@CBSNews,"Q: ""When's the appropriate time to raise questions about political freedoms with Russia?""
@PressSec: ""Look, we've c… https://t.co/Doi4MJLmAf",4
0.3818,Tue Mar 20 18:11:31 +0000 2018,0.88,0.0,0.12,@CBSNews,".@PressSec: ""As White House counsel Ty Cobb said earlier this week, the White House yet again confirms the presiden… https://t.co/OshNoG0lAv",5
0.6808,Tue Mar 20 18:08:18 +0000 2018,0.789,0.0,0.211,@CBSNews,"Q: Does the WH believe the election in Russia was free and fair? 
@PressSec: ""...what we do know is that Putin has… https://t.co/FbNc9qoffL",6
-0.3818,Tue Mar 20 18:04:53 +0000 2018,0.852,0.148,0.0,@CBSNews,".@MajorCBS: ""Does the White House disagree with Senator McCain's characterization of this as a 'sham election'?""… https://t.co/o0yea3Regs",7
0.2023,Tue Mar 20 18:03:02 +0000 2018,0.909,0.0,0.091,@CBSNews,".@PressSec: ""The president, once again, has maintained that it's important for us to have a dialogue with Russia so… https://t.co/VZdsW8VxrA",8
0.0,Tue Mar 20 17:56:53 +0000 2018,1.0,0.0,0.0,@CBSNews,WATCH LIVE: @PressSec holds White House briefing as Pres. Trump hosts Saudi crown prince https://t.co/S9S2eIGLnC https://t.co/6jmxtjeVpS,9
0.8126,Tue Mar 20 17:35:32 +0000 2018,0.68,0.0,0.32,@CBSNews,Want to make sure your personal data online and on social media is safe? Here are five easy tips to keep your data… https://t.co/cgrTZsGXMN,10
0.0,Tue Mar 20 17:27:49 +0000 2018,1.0,0.0,0.0,@CBSNews,".@jeffpeguescbs: ""Do you think the way the [SRO] responded in this case should be an example for school districts a… https://t.co/L927s3ZK9E",11
0.0,Tue Mar 20 17:22:05 +0000 2018,1.0,0.0,0.0,@CBSNews,"NOW: Authorities in Maryland deliver update on high school shooting, in which two students were wounded; shooter ki… https://t.co/ixUpIax8Ab",12
-0.1531,Tue Mar 20 17:20:02 +0000 2018,0.914,0.086,0.0,@CBSNews,"Beyond the Notre-Dame Cathedral's façade, the majestic medieval monument is falling apart -- and a foundation in Fr… https://t.co/pDuHBJNS0A",13
0.0,Tue Mar 20 17:15:00 +0000 2018,1.0,0.0,0.0,@CBSNews,WATCH LIVE: Officials in Austin hold briefing after blast at FedEx building near San Antonio; authorities are inves… https://t.co/08ocFLMEWP,14
-0.5574,Tue Mar 20 17:00:39 +0000 2018,0.841,0.159,0.0,@CBSNews,"The world's last male northern white rhino died. CBS News visited the conservancy where Sudan the rhino lived, and… https://t.co/9kVYnTxico",15
0.0,Tue Mar 20 16:56:17 +0000 2018,1.0,0.0,0.0,@CBSNews,MOMENTS AGO: Pres. Trump hosts working lunch with Saudi Arabia's Prince Mohammed bin Salman at White House… https://t.co/WfwTpb3c2m,16
-0.1027,Tue Mar 20 16:53:06 +0000 2018,0.945,0.055,0.0,@CBSNews,"Hard numbers:
?? 72: The average age of Arab heads of state is 72
?? 40: Over the past year and a half, 40 current… https://t.co/TY3titgZ3C",17
0.4404,Tue Mar 20 16:41:04 +0000 2018,0.873,0.0,0.127,@CBSNews,President Trump is welcoming the Saudi crown prince to the White House on Tuesday. Here’s what you need to know:… https://t.co/K6QbQVyzmP,18
0.0,Tue Mar 20 16:37:29 +0000 2018,1.0,0.0,0.0,@CBSNews,"""We will see what happens. The Iran deal is coming up. It is probably another month or so... But Iran has not been… https://t.co/GitLFRmeZF",19
0.2484,Tue Mar 20 16:35:47 +0000 2018,0.788,0.087,0.126,@CBSNews,"""We had a very good call and I suspect that we will probably be meeting in the not-too- distant future to discuss t… https://t.co/LFiqxI3s2d",20
0.0,Tue Mar 20 16:34:39 +0000 2018,1.0,0.0,0.0,@CBSNews,"WATCH: While meeting with Saudi Crown Prince, @POTUS says he spoke with Pres. Putin ""and congratulated him on his e… https://t.co/BftdlZvGqe",21
0.3612,Tue Mar 20 16:32:29 +0000 2018,0.894,0.0,0.106,@CBSNews,"""We all agree that all votes should have an audible paper trail. And in 2016, five states used only electronic mach… https://t.co/60tI9I3gye",22
0.5256,Tue Mar 20 16:31:26 +0000 2018,0.841,0.0,0.159,@CBSNews,.@SenatorBurr says the Senate Intel. Committee has concluded: “”We need to be more effective at deterring our adver… https://t.co/woPFEAKyab,23
-0.296,Tue Mar 20 16:29:00 +0000 2018,0.901,0.099,0.0,@CBSNews,"""There is no evidence that any vote was changed. Russia attempted to penetrate 21 states. We know they were success… https://t.co/F4l8tQdCnP",24
0.875,Tue Mar 20 16:27:57 +0000 2018,0.643,0.0,0.357,@CBSNews,“Our team has done an unbelievably through job...Let me say this with a great deal of confidence. It is clear that… https://t.co/j3ocCqduou,25
-0.25,Tue Mar 20 16:26:28 +0000 2018,0.608,0.23,0.162,@CBSNews,WATCH: Senators hold press conference on election security threat  https://t.co/RvqEUddxMe https://t.co/99lLslw5mS,26
-0.0258,Tue Mar 20 15:38:56 +0000 2018,0.791,0.107,0.102,@CBSNews,One female student is in critical condition. One male student in stable condition. The shooter was confirmed deceas… https://t.co/sME78K7O5L,27
0.4767,Tue Mar 20 15:36:25 +0000 2018,0.814,0.0,0.186,@CBSNews,"""We talk about school safety, school response, weekly. In fact, we have done a number of parent meetings and commun… https://t.co/bbi85uj4ZJ",28
-0.3182,Tue Mar 20 15:33:45 +0000 2018,0.909,0.091,0.0,@CBSNews,“I know there are a lot of things out there on social media about the shooter and any of the victims. At this time… https://t.co/vBXUMfu3Lr,29
0.4019,Tue Mar 20 15:31:20 +0000 2018,0.863,0.0,0.137,@CBSNews,"“Our school resource officer who was stationed inside the school was alerted...he pursued the shooter, engaged the… https://t.co/feiXaT12n8",30
0.0,Tue Mar 20 15:29:37 +0000 2018,1.0,0.0,0.0,@CBSNews,WATCH: Officials give update on school shooting at a high school in Maryland https://t.co/n77utODxMu https://t.co/kMNfqFDZKE,31
-0.6124,Tue Mar 20 15:23:27 +0000 2018,0.792,0.208,0.0,@CBSNews,"""Right now, we have no indications that there are any issues of threats to the public,"" Schertz, Texas, officials s… https://t.co/jSHm3duZT1",32
0.4939,Tue Mar 20 15:18:08 +0000 2018,0.856,0.0,0.144,@CBSNews,"""It is very early in the investigation, obviously. But we are confident that neither this facility nor any location… https://t.co/cVMNpKUXC4",33
0.3818,Tue Mar 20 15:15:01 +0000 2018,0.516,0.21,0.274,@CBSNews,Supreme Court is hearing arguments in a free speech fight over California's attempt to regulate anti-abortion crisi… https://t.co/qWMPW9jTqy,34
0.0,Tue Mar 20 15:14:12 +0000 2018,1.0,0.0,0.0,@CBSNews,"WATCH: Officials give updates on Texas bombing at a FedEx facility near San Antonio, and other similar incidents… https://t.co/jQF7dRpnGi",35
0.4215,Tue Mar 20 15:00:02 +0000 2018,0.872,0.0,0.128,@CBSNews,"United Airlines halts pet shipments after animal mishaps, such as an incident in which dog landed in Japan instead… https://t.co/4z66TuVJz4",36
0.0,Tue Mar 20 14:45:01 +0000 2018,1.0,0.0,0.0,@CBSNews,"Maryland high school shooting: 
School resource officer exchanged shots with the shooter, the sheriff said. The sho… https://t.co/VkNM7rpvlM",37
0.0,Tue Mar 20 14:32:01 +0000 2018,1.0,0.0,0.0,@CBSNews,"Stream all episodes of ""Mister Rogers' Neighborhood"" on Twitch on Rogers' 90th birthday https://t.co/dEtJmDUmQd https://t.co/HLi7sykNDO",38
0.0,Tue Mar 20 14:01:27 +0000 2018,1.0,0.0,0.0,@CBSNews,Philanthropist and Microsoft co-founder Paul Allen announces discovery of wreckage of a sunken military ship on whi… https://t.co/plICqV7GG2,39
-0.4019,Tue Mar 20 13:39:16 +0000 2018,0.847,0.153,0.0,@CBSNews,"At least three people have been injured in the Maryland school shooting, reports say https://t.co/n77utODxMu https://t.co/2OJlvqXkUv",40
-0.2023,Tue Mar 20 13:30:02 +0000 2018,0.909,0.091,0.0,@CBSNews,A Florida sheriff's lieutenant is charged with a DUI after she was spotted driving backward and honking her horn in… https://t.co/JcazXbEwFu,41
0.6249,Tue Mar 20 13:16:05 +0000 2018,0.806,0.0,0.194,@CBSNews,"""We are closely monitoring the situation at Great Mills High School,"" @GovLarryHogan said in a tweet, adding Maryla… https://t.co/9reSlDbSzU",42
0.0,Tue Mar 20 13:06:46 +0000 2018,1.0,0.0,0.0,@CBSNews,"""The school is on lock down the event is contained, the Sheriff's office is on the scene additional information to… https://t.co/kJ166bLYfB",43
0.0,Tue Mar 20 12:50:01 +0000 2018,1.0,0.0,0.0,@CBSNews,Some of America's biggest retailers are looking wobbly: https://t.co/rM0LhydGB2 https://t.co/ydIaPHczWD,44
0.6249,Tue Mar 20 12:49:09 +0000 2018,0.796,0.0,0.204,@CBSNews,"DEVELOPING: Shooting incident reported at Great Mills High School in Maryland; incident is contained, reports say… https://t.co/JjN59QprPT",45
0.8271,Tue Mar 20 12:48:56 +0000 2018,0.648,0.0,0.352,@CBSNews,A foundation in France hopes Americans will donate money to help save one of the country's most historic buildings.… https://t.co/zoFj4c8qrQ,46
0.4215,Tue Mar 20 12:44:08 +0000 2018,0.865,0.0,0.135,@CBSNews,.@Oprah Winfrey is sharing more about her latest book club selection. She revealed last month on @CBSThisMorning th… https://t.co/N0CjalGyK4,47
0.0,Tue Mar 20 12:38:12 +0000 2018,1.0,0.0,0.0,@CBSNews,New Orleans Mayor Mitch Landrieu is opening up about his decision to remove 4 Confederate monuments from his city.… https://t.co/lh7207R55d,48
0.0,Tue Mar 20 12:34:18 +0000 2018,1.0,0.0,0.0,@CBSNews,Here’s a look at this morning’s other headlines on @CBSThisMorning https://t.co/t0ohA94CZe,49
0.0,Tue Mar 20 12:30:01 +0000 2018,1.0,0.0,0.0,@CBSNews,President Donald Trump is considering broad tariffs on imports from China and an announcement could come as soon as… https://t.co/3q1CabTSRG,50
0.0,Tue Mar 20 12:27:37 +0000 2018,1.0,0.0,0.0,@CBSNews,New Orleans Mayor Mitch Landrieu showed @60Minutes what’s become of two Confederate statues in the city removed las… https://t.co/VV2hIwKUWU,51
0.0,Tue Mar 20 12:25:43 +0000 2018,1.0,0.0,0.0,@CBSNews,"We are leaning new details this morning about a Philadelphia gorilla, who is famous for his human-like walk. Video… https://t.co/VSfr0RKlHU",52
0.0,Tue Mar 20 12:19:28 +0000 2018,1.0,0.0,0.0,@CBSNews,RT @CBSThisMorning: Law enforcement sources in Texas tell @CBSNews' @OmarVillafranca they are looking at some of the debris from the packag…,53
-0.0516,Tue Mar 20 12:18:51 +0000 2018,0.877,0.066,0.057,@CBSNews,An alarming number of young people say they've ridden in a car with an impaired driver. A new study shows one in th… https://t.co/xQ6OPQCXgJ,54
0.0,Tue Mar 20 12:12:30 +0000 2018,1.0,0.0,0.0,@CBSNews,President Trump is set to unveil new tariffs on China as soon as this week. @benstracy is in Beijing with more on h… https://t.co/PyQy3Od24c,55
-0.3818,Tue Mar 20 12:10:14 +0000 2018,0.615,0.246,0.139,@CBSNews,Pres. Trump says the Justice Department is drawing up harsher punishments for drug dealers and distributors behind… https://t.co/2Vn8jPl8zj,56
0.0,Tue Mar 20 12:10:01 +0000 2018,1.0,0.0,0.0,@CBSNews,"It's been 6 months since Hurricane Maria slammed into Puerto Rico. Today, less than 10% of the island remains witho… https://t.co/5tQCIBra8u",57
0.0,Tue Mar 20 12:08:23 +0000 2018,1.0,0.0,0.0,@CBSNews,This morning tens of millions of Americans are preparing for the fourth Nor’easter in less than four weeks. The new… https://t.co/TBiTWitmp9,58
0.0,Tue Mar 20 12:05:13 +0000 2018,1.0,0.0,0.0,@CBSNews,Federal investigators on the scene of another explosion in Texas say it may be connected to a series of bombings in… https://t.co/Ez2vbDvv1A,59
0.6808,Tue Mar 20 12:04:07 +0000 2018,0.763,0.0,0.237,@CBSNews,RT @CBSThisMorning: Relief in Puerto Rico is coming largely from volunteers like those from @AllHandsHearts where people dressed in purple…,60
0.0,Tue Mar 20 12:03:55 +0000 2018,1.0,0.0,0.0,@CBSNews,"RT @CBSThisMorning: The Santana sisters introduced us to their 90-year-old father. The day before we arrived, someone brought a solar panel…",61
0.0,Tue Mar 20 11:54:58 +0000 2018,1.0,0.0,0.0,@CBSNews,Here’s a look at this morning’s other headlines on @CBSThisMorning https://t.co/X5K5K9aXYw,62
-0.8428,Tue Mar 20 11:50:01 +0000 2018,0.607,0.393,0.0,@CBSNews,"Self-driving Uber involved in fatal accident may not have had time to stop, police say: https://t.co/raoXZzvofG https://t.co/vZmVCnwKTx",63
-0.6705,Tue Mar 20 11:43:33 +0000 2018,0.8,0.2,0.0,@CBSNews,Today marks exactly six months since Hurricane Maria slammed into Puerto Rico. The category 4 storm killed at least… https://t.co/DZYWNCEdjc,64
-0.6124,Tue Mar 20 11:38:21 +0000 2018,0.81,0.19,0.0,@CBSNews,"AHEAD on @CBSThisMorning: We return to Puerto Rico, exactly six months after Hurricane Maria devastated the island.… https://t.co/lIXhLgSiTU",65
-0.4404,Tue Mar 20 11:34:11 +0000 2018,0.854,0.146,0.0,@CBSNews,Facebook will hold a company-wide meeting today so employees can ask questions about the unfolding scandal with Cam… https://t.co/3CGnaKXXtq,66
0.0,Tue Mar 20 11:32:24 +0000 2018,1.0,0.0,0.0,@CBSNews,"Here are three things you should know this morning:
1?First lady tackles cyberbullying
2?Most restrictive abortion… https://t.co/B5JwVpoYqQ",67
0.5574,Tue Mar 20 11:30:45 +0000 2018,0.64,0.108,0.252,@CBSNews,"WATCH: Good Samaritans heroically flipped a burning car that had rolled over in a crash, and worked together to pul… https://t.co/QjazYPxfCr",68
0.4404,Tue Mar 20 11:21:32 +0000 2018,0.782,0.0,0.218,@CBSNews,"Facebook shares plunge as it face growing government scrutiny over data mining. Ahead, @nxthompson joins… https://t.co/4n0SFDuxDz",69
-0.3612,Tue Mar 20 11:16:06 +0000 2018,0.76,0.148,0.091,@CBSNews,Police in Bermuda are not ruling out foul play in the mysterious death of an American college student. The body of… https://t.co/Z4meaUHrfq,70
-0.5267,Tue Mar 20 11:13:34 +0000 2018,0.812,0.188,0.0,@CBSNews,Police say early indications show an Uber self-driving SUV may not have had time to stop or avoid hitting a pedestr… https://t.co/HjTDCmucxo,71
0.0772,Tue Mar 20 11:12:27 +0000 2018,0.717,0.116,0.167,@CBSNews,President Trump is reinforcing his legal team in the wake of new attacks on the special counsel leading the Russia… https://t.co/OqprRbvwN8,72
0.0,Tue Mar 20 11:11:37 +0000 2018,1.0,0.0,0.0,@CBSNews,".@CBSNewYork's @LonnieQuinnTV joins us with the upcoming weather forecast: 
https://t.co/huhs4GeTYm https://t.co/hBJY2mvzAP",73
0.0,Tue Mar 20 11:08:06 +0000 2018,1.0,0.0,0.0,@CBSNews,"On the first day of spring, tens of millions of people are bracing for the fourth nor'easter this month. In Alabama… https://t.co/GIacEe3n1s",74
-0.6808,Tue Mar 20 11:06:27 +0000 2018,0.752,0.248,0.0,@CBSNews,"Fire officials say a package bomb bound for Austin has exploded at a FedEx distribution center in Schertz, Texas, h… https://t.co/ggAZ173f3y",75
0.0,Tue Mar 20 11:05:16 +0000 2018,1.0,0.0,0.0,@CBSNews,"A new package explosion went off in Texas Tuesday morning, this time at a FedEx building in Schertz outside San Ant… https://t.co/7u7vycppl5",76
0.0,Tue Mar 20 10:52:29 +0000 2018,1.0,0.0,0.0,@CBSNews,COMING UP on @CBSThisMorning: @DavidBegnaud returns to Puerto Rico six months after Hurricane Maria. Learn why it's… https://t.co/kWYmRlgmm1,77
0.0,Tue Mar 20 10:46:42 +0000 2018,1.0,0.0,0.0,@CBSNews,A woman whose husband works in the FedEx facility told CBS affiliate @KENS5 that authorities are not letting anyone… https://t.co/jXyhTuYJ5K,78
0.0,Tue Mar 20 10:46:10 +0000 2018,1.0,0.0,0.0,@CBSNews,"RT @CBSThisMorning: Here's what we're working on this morning.

See you at 7 a.m. https://t.co/uON27HfHB6",79
-0.4939,Tue Mar 20 10:40:01 +0000 2018,0.842,0.158,0.0,@CBSNews,"Annual U.S.-South Korean military drills that infuriate North Korea will begin on April 1, the allies say… https://t.co/hSCQNk4MkX",80
0.0,Tue Mar 20 10:39:42 +0000 2018,1.0,0.0,0.0,@CBSNews,"ATF and FBI agents are at the scene of the FedEx facility in Schertz, Texas, analyzing the components of the explos… https://t.co/TfIKbtDfsL",81
0.0,Tue Mar 20 10:30:01 +0000 2018,1.0,0.0,0.0,@CBSNews,"AHEAD: @CBSThisMorning is on scene just outside of San Antonio, Texas, with the breaking news of a new package expl… https://t.co/Hie2YiKZ5X",82
0.0,Tue Mar 20 10:20:00 +0000 2018,0.526,0.237,0.237,@CBSNews,"Commentary: Yes, Republicans are in trouble https://t.co/hQlock9eTv https://t.co/wN5GMNcXin",83
-0.6597,Tue Mar 20 10:03:04 +0000 2018,0.761,0.239,0.0,@CBSNews,"Thomas Phelan, firefighter who evacuated hundreds on 9/11, dies of cancer at 45 https://t.co/lnhn5r22it https://t.co/WKx00bYikK",84
0.0,Tue Mar 20 10:03:01 +0000 2018,1.0,0.0,0.0,@CBSNews,"""More than possible"" package that blew up at FedEx building near San Antonio is linked to recent Austin bombings, F… https://t.co/AdXVaE457S",85
0.0,Tue Mar 20 09:54:04 +0000 2018,1.0,0.0,0.0,@CBSNews,Package meant for Austin blows up at FedEx building near San Antonio https://t.co/9np3Rr6oQz https://t.co/An0NTT8kWL,86
-0.5267,Tue Mar 20 09:48:03 +0000 2018,0.764,0.236,0.0,@CBSNews,"""He's one step ahead"": Officials frustrated after latest Austin explosion https://t.co/o5yDZPvZxS https://t.co/dzHpyly5v7",87
-0.3818,Tue Mar 20 09:36:33 +0000 2018,0.833,0.167,0.0,@CBSNews,"Kids with severe head injuries may develop ADHD later on, study finds https://t.co/4QgYUeh6bI https://t.co/vIihzl2gng",88
-0.3818,Tue Mar 20 09:28:06 +0000 2018,0.776,0.224,0.0,@CBSNews,"Tornadoes, severe storms tear through parts of Southeast https://t.co/xU0bm7cpQZ https://t.co/n46YDdcHgL",89
0.0,Tue Mar 20 09:18:06 +0000 2018,1.0,0.0,0.0,@CBSNews,Facebook hires firm to conduct forensic audit of Cambridge Analytica data https://t.co/Rzqk6CFlV6 https://t.co/jBFbzuI0qO,90
0.0,Tue Mar 20 09:10:05 +0000 2018,1.0,0.0,0.0,@CBSNews,Report: Ex-French president Sarkozy in custody as part of campaign funding probe https://t.co/aUJAjZyR3Q https://t.co/nclJham06M,91
0.0,Tue Mar 20 09:03:03 +0000 2018,1.0,0.0,0.0,@CBSNews,"Dr. Mark Hyman answers the question: ""Food: What the Heck Should I Eat?"" https://t.co/MdqGWJFDm3 https://t.co/w5EgdrLe2I",92
-0.3612,Tue Mar 20 08:48:03 +0000 2018,0.481,0.326,0.193,@CBSNews,Supreme Court rejects GOP attempt to block Pennsylvania district map https://t.co/Jf0XB34YE9 https://t.co/K9rrRj8g0u,93
-0.5994,Tue Mar 20 08:33:06 +0000 2018,0.782,0.218,0.0,@CBSNews,"Girl shot to death by younger brother over video game controller, sheriff says https://t.co/WPSj3OAQ17 https://t.co/h61iR8Ll8R",94
0.25,Tue Mar 20 08:18:07 +0000 2018,0.75,0.0,0.25,@CBSNews,Walmart and Amazon want to get into your house https://t.co/S4Xmh9qzy7 https://t.co/E7SWaOyYpr,95
-0.4404,Tue Mar 20 08:03:04 +0000 2018,0.606,0.255,0.139,@CBSNews,"Expert: ""Dramatic"" increase in child abuse cases in southeast Alaska https://t.co/OKQucTgMoL https://t.co/zszTHdcMAm",96
-0.296,Tue Mar 20 07:48:03 +0000 2018,0.82,0.18,0.0,@CBSNews,Missing 2-year-old Colorado boy dies hours after being found https://t.co/0yHEEYKOy3 https://t.co/sgNTfX2Yzq,97
0.0,Tue Mar 20 07:33:03 +0000 2018,1.0,0.0,0.0,@CBSNews,Pres. Trump focuses on law enforcement side of opioid rollout https://t.co/CUkkAUcppC https://t.co/EEIBIZNbp3,98
-0.6705,Tue Mar 20 07:18:06 +0000 2018,0.71,0.29,0.0,@CBSNews,"Pedestrian killed by self-driving Uber car in Arizona, police say https://t.co/7Z0YbQD3G0 https://t.co/xtPpJT2xox",99
0.0,Tue Mar 20 07:16:06 +0000 2018,1.0,0.0,0.0,@CBSNews,"World's last male northern white rhino, named Sudan, dies https://t.co/PP3rlFsKzu https://t.co/HuAqezf75T",100
0.0,Tue Mar 20 19:00:15 +0000 2018,1.0,0.0,0.0,@CNN,"""Black Panther"" is the the most-tweeted about movie of all time, Twitter says https://t.co/3BqCoaCuHI https://t.co/ZAZSYeWIEC",1
-0.5994,Tue Mar 20 18:55:04 +0000 2018,0.843,0.157,0.0,@CNN,Wreckage from the USS Juneau -- a World War II cruiser sunk by a Japanese torpedo in 1942 -- has been discovered by… https://t.co/wn8aLW7516,2
0.4767,Tue Mar 20 18:50:04 +0000 2018,0.838,0.0,0.162,@CNN,The Senate Intelligence Committee has released a bipartisan list of recommendations to states and the federal gover… https://t.co/BiogMj6zO5,3
0.0,Tue Mar 20 18:45:07 +0000 2018,1.0,0.0,0.0,@CNN,Why your next work meeting could be outside https://t.co/kgrjuJ8dbB https://t.co/oglkMUaf2W,4
0.0,Tue Mar 20 18:40:09 +0000 2018,1.0,0.0,0.0,@CNN,Kids 50 years ago almost never drew scientists as women. Now they do almost a third of the time.… https://t.co/VwkKnfj2Oo,5
-0.3818,Tue Mar 20 18:36:58 +0000 2018,0.902,0.098,0.0,@CNN,RT @CNNweather: How about this for the first day of #Spring. The fourth nor'easter in three weeks has the possibility to dump more snow on…,6
0.0,Tue Mar 20 18:35:08 +0000 2018,1.0,0.0,0.0,@CNN,"Secretary Ben Carson detailed his wife's involvement in picking out a dining room set for his office, saying that s… https://t.co/efx94WEVUy",7
-0.4939,Tue Mar 20 18:30:14 +0000 2018,0.802,0.198,0.0,@CNN,"I tweeted about diversity and got hammered by haters, @djrothkopf writes for @CNNopinion https://t.co/OUn6nmGOSo https://t.co/AVQJAm4tvB",8
0.624,Tue Mar 20 18:25:04 +0000 2018,0.769,0.0,0.231,@CNN,"Amazon just passed Alphabet, the owner of Google, to become the second most valuable company in the US… https://t.co/mrzbRTTuwF",9
0.0,Tue Mar 20 18:20:10 +0000 2018,1.0,0.0,0.0,@CNN,Prince Harry and Meghan Markle reveal who will make the cake for their May 19 wedding. Pastry chef Claire Ptak will… https://t.co/kzhlEfqFiD,10
-0.594,Tue Mar 20 18:12:14 +0000 2018,0.732,0.205,0.064,@CNN,"RT @CNNPolitics: Sanders on Trump's tweets criticizing Mueller: ""We have not been shy about the fact that there is frustration of this proc…",11
0.5859,Tue Mar 20 18:10:54 +0000 2018,0.817,0.0,0.183,@CNN,Sen. John McCain slams President Trump for congratulating Russian President Vladimir Putin on his election win: “An… https://t.co/1fgyNMlaEw,12
-0.296,Tue Mar 20 18:05:52 +0000 2018,0.909,0.091,0.0,@CNN,"RT @CNNPolitics: White House press secretary Sarah Sanders says ""there are no specific plans made at this time"" for President Trump to meet…",13
-0.2732,Tue Mar 20 18:00:10 +0000 2018,0.9,0.1,0.0,@CNN,A former Playboy model who allegedly had a nine-month affair with Donald Trump is suing to be released from an agre… https://t.co/t6Qj8Ifiik,14
0.0,Tue Mar 20 17:56:05 +0000 2018,1.0,0.0,0.0,@CNN,"White House press secretary Sarah Sanders is holding a press briefing.

Follow live updates:… https://t.co/xKKp32JIQS",15
0.5574,Tue Mar 20 17:50:06 +0000 2018,0.723,0.0,0.277,@CNN,Donald Trump is done playing nice with Bob Mueller | Analysis by @CillizzaCNN https://t.co/fWTuChI6rG https://t.co/jBQ2qUMvD1,16
-0.1027,Tue Mar 20 17:40:51 +0000 2018,0.736,0.14,0.124,@CNN,The world's last male northern white rhino has died leaving only two females left to save the subspecies from extin… https://t.co/a89i3Tc3Am,17
-0.4019,Tue Mar 20 17:36:47 +0000 2018,0.863,0.137,0.0,@CNN,Republican Gov. Larry Hogan following the shooting at a Maryland high school that injured two students: “It’s tragi… https://t.co/FcThdax1xR,18
0.0,Tue Mar 20 17:30:07 +0000 2018,1.0,0.0,0.0,@CNN,Conservation groups sue to overturn the Trump administration's trophy hunting decision https://t.co/TrWv2rEaxF https://t.co/dZu9mPtjHb,19
0.0,Tue Mar 20 17:20:06 +0000 2018,1.0,0.0,0.0,@CNN,"Within minutes of news of yet another school shooting, survivors of last month's massacre at a high school in Parkl… https://t.co/5iSFYxSJ7A",20
0.4215,Tue Mar 20 17:10:08 +0000 2018,0.833,0.0,0.167,@CNN,United Airlines says it is suspending a program that transports pets in cargo holds https://t.co/Fbamn4NEIp https://t.co/R19QomWoRf,21
0.5598,Tue Mar 20 17:00:10 +0000 2018,0.847,0.0,0.153,@CNN,"Michelle Obama is so popular she needed more space. The painting of the former first lady, unveiled at the Smithson… https://t.co/MVW21uSZx2",22
-0.3612,Tue Mar 20 17:00:08 +0000 2018,0.857,0.143,0.0,@CNN,The National Rifle Association is criticizing Florida's Republican House Speaker Richard Corcoran for his comments… https://t.co/1tYOw2EkR3,23
0.5267,Tue Mar 20 16:54:35 +0000 2018,0.825,0.0,0.175,@CNN,President Trump says he congratulated Vladimir Putin on winning the Russian presidential election. Trump also spoke… https://t.co/U6o1ceKRp3,24
0.296,Tue Mar 20 16:50:13 +0000 2018,0.905,0.0,0.095,@CNN,Facebook's stock is sliding for the second day in a row. Shares fell another 5% Tuesday on the heels of the company… https://t.co/JfWDwvn2fe,25
0.0,Tue Mar 20 16:40:08 +0000 2018,1.0,0.0,0.0,@CNN,Ohio might soon have an official state dog. 12 other states already do: https://t.co/qGUIsaFzjt https://t.co/i572sStWij,26
-0.5956,Tue Mar 20 16:34:14 +0000 2018,0.823,0.177,0.0,@CNN,"President Trump: “The bombings in Austin are terrible… This is obviously a very, very sick individual or maybe indi… https://t.co/tGYi0x7G2C",27
0.1779,Tue Mar 20 16:29:17 +0000 2018,0.876,0.0,0.124,@CNN,Amazon CEO Jeff Bezos took a robot dog named SpotMini for a walk https://t.co/5gPk9Mg8l2 https://t.co/E4SCrpVtQn,28
-0.0572,Tue Mar 20 16:23:02 +0000 2018,0.788,0.111,0.1,@CNN,"House Speaker Paul Ryan says he received ""assurances"" that President Trump is not considering firing special counse… https://t.co/AxtE5K2URe",29
0.5267,Tue Mar 20 16:10:09 +0000 2018,0.815,0.0,0.185,@CNN,President Trump congratulated Russia President Vladimir Putin on winning the Russian presidential election in a tel… https://t.co/OvLi4xk6AT,30
0.0,Tue Mar 20 16:00:08 +0000 2018,1.0,0.0,0.0,@CNN,CNN's @JakeTapper will interview former FBI Director James @Comey on April 19 https://t.co/8cPVW1mzfK https://t.co/L3ouls0rnK,31
0.0,Tue Mar 20 15:52:08 +0000 2018,1.0,0.0,0.0,@CNN,"K-pop group Red Velvet will be part of a group of South Korean pop stars who will be performing in Pyongyang, North… https://t.co/cWIpgYpowK",32
-0.4019,Tue Mar 20 15:41:19 +0000 2018,0.863,0.137,0.0,@CNN,Sheriff: Two students were injured during the shooting at a Maryland high school Tuesday morning just before classe… https://t.co/OBgR6SUZWq,33
0.0,Tue Mar 20 15:30:07 +0000 2018,1.0,0.0,0.0,@CNN,96-year-old style icon Iris Apfel has become the oldest person ever to be immortalized as a Barbie doll… https://t.co/eXRHiRNKzC,34
0.0,Tue Mar 20 15:29:39 +0000 2018,1.0,0.0,0.0,@CNN,"Officials in Maryland are holding a briefing on the shooting at a high school there earlier this morning.

Watch:… https://t.co/nQzePg5pH7",35
0.0,Tue Mar 20 15:18:24 +0000 2018,1.0,0.0,0.0,@CNN,"Police chief: A package exploded while traveling along an automated conveyor belt at the Schertz, Texas, FedEx faci… https://t.co/MiztO7K2Tc",36
0.0,Tue Mar 20 15:11:58 +0000 2018,1.0,0.0,0.0,@CNN,"Officials are holding a briefing following an explosion this morning at a FedEx facility near San Antonio.

Follow… https://t.co/zWpHuePVyO",37
-0.5423,Tue Mar 20 14:57:55 +0000 2018,0.857,0.143,0.0,@CNN,Tens of millions of people in some of the world's poorest areas could be displaced by climate change in just a few… https://t.co/4VdsGJUKO3,38
0.7579,Tue Mar 20 14:43:52 +0000 2018,0.609,0.097,0.294,@CNN,"At least 3 people are injured after the shooting this morning at Great Mills High School in Great Mills, Maryland,… https://t.co/kFiLlST9Iy",39
0.0,Tue Mar 20 14:30:20 +0000 2018,1.0,0.0,0.0,@CNN,Your personal information is Facebook's currency. It's bought and sold every day. https://t.co/oRq26svDwq,40
-0.7366,Tue Mar 20 14:20:09 +0000 2018,0.707,0.293,0.0,@CNN,"President Trump's opioid plan to kill drug dealers is about vengeance, not solutions, @fordvox writes for… https://t.co/I0MD7e2zSB",41
0.0,Tue Mar 20 14:10:13 +0000 2018,1.0,0.0,0.0,@CNN,"There has been, on average, 1 school shooting every week this year https://t.co/TFkgODHjDU https://t.co/7IK0NtPsKM",42
-0.4939,Tue Mar 20 14:00:06 +0000 2018,0.856,0.144,0.0,@CNN,"""We swipe left on your attempted scare tactics"": Female-friendly dating app Bumble took out a full-page ad in the N… https://t.co/vSfrhdNOEM",43
-0.3612,Tue Mar 20 13:54:35 +0000 2018,0.878,0.122,0.0,@CNN,"JUST IN: Police in Austin, Texas, are responding to a suspicious package at another FedEx facility.

A package at a… https://t.co/vXcO9lzCIQ",44
-0.6249,Tue Mar 20 13:40:06 +0000 2018,0.728,0.272,0.0,@CNN,This is how lawmakers plan to end the opioid crisis https://t.co/RqCTL6Eiue https://t.co/Ds0C57hAMl,45
0.0,Tue Mar 20 13:30:30 +0000 2018,1.0,0.0,0.0,@CNN,Former Cambridge Analytica contractor Christopher Wylie tells CNN’s @donlemon that he helped build a “psychological… https://t.co/mlsw9O6OY4,46
0.8481,Tue Mar 20 13:14:24 +0000 2018,0.687,0.0,0.313,@CNN,"Here’s a look from the scene outside Great Mills High School in Great Mills, Maryland, which is currently on lockdo… https://t.co/HqZMB7Gxd9",47
0.6249,Tue Mar 20 13:07:20 +0000 2018,0.823,0.0,0.177,@CNN,"Agents with the FBI and ATF are responding to the reported shooting at a high school in Great Mills, Maryland… https://t.co/i1vl1AHwUU",48
0.0,Tue Mar 20 12:51:57 +0000 2018,1.0,0.0,0.0,@CNN,"The school is on lock down, according to the school district, and the incident has been contained.

Follow for upda… https://t.co/M0I07ONc4n",49
0.8481,Tue Mar 20 12:43:12 +0000 2018,0.687,0.0,0.313,@CNN,BREAKING: St. Mary’s County Public Schools says there has been a shooting at Great Mills High School in Great Mills… https://t.co/n1lLVTSzGv,50
0.0,Tue Mar 20 12:40:06 +0000 2018,1.0,0.0,0.0,@CNN,Delta Airlines misrouted an Idaho man's 8-week-old puppy on a cross-country trip -- landing in Las Vegas and Salt L… https://t.co/zWB4sbm1iG,51
-0.4767,Tue Mar 20 12:30:03 +0000 2018,0.86,0.14,0.0,@CNN,The younger brother of the Parkland gunman was arrested Monday for trespassing on the campus of Marjory Stoneman Do… https://t.co/4EvL7EBc6E,52
0.0,Tue Mar 20 12:20:12 +0000 2018,1.0,0.0,0.0,@CNN,Robert Mueller has Donald Trump in a box. | Analysis by @StCollinson https://t.co/EenPN3xyq7 https://t.co/47ImR1v3zj,53
-0.6369,Tue Mar 20 12:10:08 +0000 2018,0.704,0.226,0.07,@CNN,A load of gold worth up to $54 million went missing during the Civil War. There may be a break in the case.… https://t.co/0JhOYk2vaw,54
0.34,Tue Mar 20 12:00:11 +0000 2018,0.882,0.0,0.118,@CNN,"Facebook's value plunges $37 billion on news that data firm Cambridge Analytica, which had ties to Trump's campaign… https://t.co/pTaWnIxceP",55
-0.1027,Tue Mar 20 11:53:06 +0000 2018,0.736,0.14,0.124,@CNN,"The world's last male northern white rhino has died, leaving only two females left to save the subspecies from exti… https://t.co/xDwFSk3ndr",56
0.0,Tue Mar 20 11:45:57 +0000 2018,1.0,0.0,0.0,@CNN,Former Vice President Joe Biden will meet with Latino leaders at a fundraiser in Miami today https://t.co/sWcY9CXY0L https://t.co/VyVTe1T19P,57
-0.25,Tue Mar 20 11:30:15 +0000 2018,0.9,0.1,0.0,@CNN,"Possible tornadoes were reported to have torn apart homes, shredded buildings and knocked down power lines and tree… https://t.co/TXsjyjVDir",58
-0.7506,Tue Mar 20 11:19:03 +0000 2018,0.404,0.46,0.136,@CNN,How your next meal could help fight depression and stress https://t.co/cCJz0V12Ch https://t.co/fSeewTLfUu,59
-0.5994,Tue Mar 20 11:06:48 +0000 2018,0.804,0.196,0.0,@CNN,"5 things for Tuesday:

- Russia investigation
- ISIS in Syria
- Self-driving car death
- China &amp; Taiwan
- Turpin ch… https://t.co/hoVqpGDsb8",60
0.0,Tue Mar 20 10:51:45 +0000 2018,1.0,0.0,0.0,@CNN,BREAKING: An explosion overnight at a FedEx facility near San Antonio may be linked with four recent blasts in Aust… https://t.co/tnjvBwBl1g,61
0.0,Tue Mar 20 10:41:37 +0000 2018,1.0,0.0,0.0,@CNN,The data scientist who gathered info on millions of Facebook users for a firm tied to Trump's campaign says he'd be… https://t.co/K5Yh5bcdSA,62
-0.5423,Tue Mar 20 10:27:38 +0000 2018,0.857,0.143,0.0,@CNN,Tens of millions of people in some of the world's poorest areas could be displaced by climate change in just a few… https://t.co/NVtwsC6Npy,63
-0.1027,Tue Mar 20 10:14:36 +0000 2018,0.726,0.145,0.129,@CNN,The world's last male northern white rhino has died. Now experts are turning to science to save the subspecies https://t.co/7uqlVnwKS9,64
0.25,Tue Mar 20 08:44:25 +0000 2018,0.895,0.0,0.105,@CNN,US President Trump has signed an executive order banning US citizens from buying Venezuela's newly created cryptocu… https://t.co/oOwF0OTrNm,65
0.0,Tue Mar 20 08:31:41 +0000 2018,1.0,0.0,0.0,@CNN,This village in China is a modern-day shrine to President Xi Jinping. CNN paid a visit and were followed by securit… https://t.co/CFX3QycJcJ,66
-0.8979,Tue Mar 20 08:19:01 +0000 2018,0.602,0.398,0.0,@CNN,"""All acts and tricks to split the motherland are doomed to failure and will be condemned by the people and punished… https://t.co/oD9PrLELgu",67
0.0,Tue Mar 20 08:07:55 +0000 2018,1.0,0.0,0.0,@CNN,Delta Airlines misrouted an Idaho man's 8-week-old puppy on a cross-country trip -- landing in Las Vegas and Salt L… https://t.co/FOkdT3e1Y7,68
0.0,Tue Mar 20 08:01:01 +0000 2018,1.0,0.0,0.0,@CNN,"Neanderthals, Denisovans and our ancestors were mixing and mingling a long time ago -- and some of our genetics can… https://t.co/VkXGPKzK9N",69
-0.7269,Tue Mar 20 07:53:09 +0000 2018,0.724,0.276,0.0,@CNN,"The Cambridge Analytica scandal has done immense damage to the Facebook brand, sources across the company believe… https://t.co/EjcHYYvul9",70
0.34,Tue Mar 20 07:42:06 +0000 2018,0.882,0.0,0.118,@CNN,"Facebook's value plunges $37 billion on news that data firm Cambridge Analytica, which had ties to Trump's campaign… https://t.co/2N2l7AoNZ7",71
-0.3818,Tue Mar 20 07:31:09 +0000 2018,0.894,0.106,0.0,@CNN,Patients who visit emergency rooms are getting hit with sky-high bills. Spending on an ER visit in the US rose to $… https://t.co/1TvD7xi3ZD,72
0.0,Tue Mar 20 07:17:12 +0000 2018,1.0,0.0,0.0,@CNN,"How a designer got his scarf into ""Black Panther"" https://t.co/PZFJ6EQBGX https://t.co/5afeV6hll3",73
0.0,Tue Mar 20 07:01:03 +0000 2018,1.0,0.0,0.0,@CNN,This single mother and her four children were living out of their car. Then a cop decided he had to do something.… https://t.co/OHbvJtH2mU,74
0.0,Tue Mar 20 06:57:03 +0000 2018,1.0,0.0,0.0,@CNN,The US announces the start date for its annual military exercises with South Korea as President Trump readies for a… https://t.co/XhKwzBWxnI,75
0.0,Tue Mar 20 06:44:27 +0000 2018,1.0,0.0,0.0,@CNN,Correction: This story has been updated to clarify that Sudan was a northern white rhino. https://t.co/sxb8eAeKcT https://t.co/3IAFpojlJK,76
-0.1027,Tue Mar 20 06:33:32 +0000 2018,0.726,0.145,0.129,@CNN,The world's last male white rhino has died leaving only two females left to save the species from extinction.… https://t.co/mN92F0nLwL,77
0.25,Tue Mar 20 06:31:07 +0000 2018,0.481,0.212,0.308,@CNN,9/11 hero who saved hundreds dies of cancer at age 45 https://t.co/RsYz8zDVX4 https://t.co/eAW7TRsPyD,78
-0.7717,Tue Mar 20 06:10:42 +0000 2018,0.675,0.325,0.0,@CNN,"Amnesty International has accused the Nigerian army of failing to act on ""advance warnings"" given a few hours befor… https://t.co/OzUer6y6xw",79
-0.2263,Tue Mar 20 06:06:33 +0000 2018,0.894,0.106,0.0,@CNN,"Undercover British television report is ""edited and scripted to grossly misrepresent the nature of those conversati… https://t.co/DQbCb3eF1W",80
0.25,Tue Mar 20 06:01:04 +0000 2018,0.889,0.0,0.111,@CNN,President Trump has signed an executive order banning US citizens from buying Venezuela's newly created cryptocurre… https://t.co/atpoLD928t,81
0.7269,Tue Mar 20 05:50:55 +0000 2018,0.747,0.0,0.253,@CNN,"A military band plays out the delegates in the Great Hall of the People, ending the 13th National People's Congress… https://t.co/kpJXcbpoep",82
0.0,Tue Mar 20 05:31:05 +0000 2018,1.0,0.0,0.0,@CNN,Your personal information is Facebook's currency. It's bought and sold every day. https://t.co/6s4nc2UgOs,83
-0.8979,Tue Mar 20 05:26:27 +0000 2018,0.602,0.398,0.0,@CNN,"""All acts and tricks to split the motherland are doomed to failure and will be condemned by the people and punished… https://t.co/MbjE8JbxyM",84
0.0,Tue Mar 20 05:21:27 +0000 2018,1.0,0.0,0.0,@CNN,"""Trump is Nixon on steroids and stilts.""

John Dean, who served as White House counsel for President Richard Nixon… https://t.co/BwMCukpgiN",85
-0.6124,Tue Mar 20 05:10:16 +0000 2018,0.833,0.167,0.0,@CNN,"Six months after Hurricane Maria devastated Puerto Rico, the news is the return of normalcy for some. But the road… https://t.co/EqmCCIZ98P",86
-0.1689,Tue Mar 20 05:01:04 +0000 2018,0.906,0.094,0.0,@CNN,"In 1999, there were more than 2 million pay phones across America. 100,000 are left today. https://t.co/YhVnkog7mu https://t.co/RdQyhgYJMW",87
0.0,Tue Mar 20 04:57:54 +0000 2018,1.0,0.0,0.0,@CNN,"(Correction) Ballerina Misty Copeland made history in 2015, becoming the 1st female African American principal danc… https://t.co/KX0wCvTVZ6",88
-0.7269,Tue Mar 20 04:46:04 +0000 2018,0.724,0.276,0.0,@CNN,"The Cambridge Analytica scandal has done immense damage to the Facebook brand, sources across the company believe… https://t.co/DdqhcY78x9",89
0.0,Tue Mar 20 04:31:05 +0000 2018,1.0,0.0,0.0,@CNN,96-year-old style icon Iris Apfel has become the oldest person ever to be immortalized as a Barbie doll… https://t.co/6dOW9LLZfx,90
0.0,Tue Mar 20 04:21:24 +0000 2018,1.0,0.0,0.0,@CNN,"Speaking at the closure of the 13th National People's Congress, Chinese President Xi Jinping delivered a confident,… https://t.co/OxfcUDYKkw",91
-0.8126,Tue Mar 20 04:16:42 +0000 2018,0.67,0.33,0.0,@CNN,"""President Trump is acting guilty as hell going after Mueller,"" says Democratic Sen. Chris Van Hollen… https://t.co/beD34Po0QU",92
-0.7579,Tue Mar 20 04:14:25 +0000 2018,0.723,0.277,0.0,@CNN,The studio co-founded by disgraced movie mogul Harvey Weinstein has been crippled by the sexual harassment and assa… https://t.co/gKN3STMjVu,93
0.0,Tue Mar 20 04:09:57 +0000 2018,1.0,0.0,0.0,@CNN,This village in China is a modern-day shrine to President Xi Jinping. CNN paid a visit and were followed by securit… https://t.co/A1HvaNuj8B,94
-0.743,Tue Mar 20 04:01:03 +0000 2018,0.741,0.259,0.0,@CNN,A 9-year-old boy retrieved a gun from his parents' bedroom and shot his 13-year-old sister to death after the two g… https://t.co/1CXndSSZuE,95
0.0,Tue Mar 20 03:59:53 +0000 2018,1.0,0.0,0.0,@CNN,"Ballerina Misty Copeland made history in 2015, becoming the first principal dancer for American Ballet Theatre. We’… https://t.co/kuuodA3nas",96
0.0772,Tue Mar 20 03:31:02 +0000 2018,0.936,0.0,0.064,@CNN,Mississippi Gov. Phil Bryant has signed into law a bill that prevents women from getting abortions after 15 weeks o… https://t.co/VILPjdWHhz,97
0.4576,Tue Mar 20 03:16:07 +0000 2018,0.875,0.0,0.125,@CNN,"Susan Pompeo, wife of CIA chief Mike Pompeo, has taken on an unusually active role for a CIA spouse in agency affai… https://t.co/kCo2Mh2rkR",98
0.0,Tue Mar 20 03:09:18 +0000 2018,1.0,0.0,0.0,@CNN,Wylie discusses Cambridge Analytica's possible connections to Russia: “I am concerned we made Russia aware of the p… https://t.co/zJnKlQkUQJ,99
0.0,Tue Mar 20 03:01:06 +0000 2018,1.0,0.0,0.0,@CNN,"How a designer got his scarf into ""Black Panther"" https://t.co/vIjG20TbWu https://t.co/GDD5ibMslm",100
0.3818,Tue Mar 20 18:54:48 +0000 2018,0.885,0.0,0.115,@FoxNews,".@POTUS: ""My priority and the priority of my administration is to serve, protect, and defend the citizens of the Un… https://t.co/R8dS17CB2W",1
-0.2732,Tue Mar 20 18:31:45 +0000 2018,0.69,0.182,0.128,@FoxNews,".@POTUS: ""Democrats' priority is to protect criminals, not to do what's right for our country."" https://t.co/fTUaDMFjPQ",2
0.4404,Tue Mar 20 18:29:18 +0000 2018,0.775,0.0,0.225,@FoxNews,".@POTUS on sanctuary cities: ""We're looking to have safe cities."" https://t.co/6AY6AcDl2k",3
0.6124,Tue Mar 20 18:28:09 +0000 2018,0.737,0.0,0.263,@FoxNews,".@POTUS: ""Sanctuary cities and states like California put Americans at the mercy of hardened criminals."" https://t.co/Eu5NBfRrHc",4
0.0,Tue Mar 20 18:23:08 +0000 2018,1.0,0.0,0.0,@FoxNews,.@POTUS hosts a law enforcement roundtable on sanctuary cities https://t.co/glcoatPpJ0,5
0.1761,Tue Mar 20 18:15:32 +0000 2018,0.779,0.095,0.125,@FoxNews,.@PressSec: “The president has been very clear about the fact that there was no collusion between his campaign and… https://t.co/pegl4CWkF6,6
0.0772,Tue Mar 20 18:10:43 +0000 2018,0.885,0.0,0.115,@FoxNews,.@PressSec: “We want to continue to have a dialogue with Russia.” https://t.co/yMGUy8RMq6,7
-0.3182,Tue Mar 20 18:09:42 +0000 2018,0.881,0.119,0.0,@FoxNews,.@PressSec on Texas bombings and Maryland school shooting: “Our thoughts and prayers are with the victims involved… https://t.co/ktpF9xU9DW,8
-0.5267,Tue Mar 20 18:04:57 +0000 2018,0.833,0.167,0.0,@FoxNews,.@PressSec: “Sanctuary jurisdictions release thousands of criminal aliens out of our prisons and jails and back int… https://t.co/7gRmhrSju7,9
0.4767,Tue Mar 20 18:01:27 +0000 2018,0.846,0.0,0.154,@FoxNews,"RT @FoxBusiness: .@PressSec: ""The @POTUS was proud to issue a proclamation declaring today the 45th annual Ag Day."" https://t.co/gLBI1Ezdms",10
0.0,Tue Mar 20 17:54:26 +0000 2018,1.0,0.0,0.0,@FoxNews,.@PressSec Sarah Sanders holds a briefing.  https://t.co/jrv6A3E2QF,11
0.0,Tue Mar 20 17:45:00 +0000 2018,1.0,0.0,0.0,@FoxNews,"Trump: Texas bomber is 'very sick,' says 'we will get to the bottom of it' https://t.co/SbphlBjk9v https://t.co/B6wwp7YDu6",12
-0.3182,Tue Mar 20 17:42:56 +0000 2018,0.839,0.161,0.0,@FoxNews,VIDEO: Tempers Flare as California City Opts Out of State's Sanctuary Law https://t.co/3OqABttkCi,13
-0.4767,Tue Mar 20 17:30:21 +0000 2018,0.78,0.22,0.0,@FoxNews,Maryland Governor @LarryHogan: “Our hearts are broken. We’re extremely saddened.” https://t.co/fQM8o6NGry https://t.co/jwVQXV9O6r,14
0.0,Tue Mar 20 17:24:57 +0000 2018,1.0,0.0,0.0,@FoxNews,News conference underway on Maryland school shooting https://t.co/fQM8o6NGry https://t.co/yln8IxxNZb,15
-0.7184,Tue Mar 20 17:15:44 +0000 2018,0.739,0.261,0.0,@FoxNews,"Breaking News: Minneapolis cop who fatally shot unarmed Australian woman in 2017 turns himself in, charged with mur… https://t.co/CpmXiihkWq",16
0.0,Tue Mar 20 17:03:09 +0000 2018,1.0,0.0,0.0,@FoxNews,"RT @EricShawnTV: If @POTUS @realDonaldTrump fires #RobertMueller, @TheDemocrats Rep. @RepSwalwell tells @FoxNews: ""Americans would take to…",17
0.0,Tue Mar 20 16:53:01 +0000 2018,1.0,0.0,0.0,@FoxNews,.@jasoninthehouse: “I don’t believe that Jeff Sessions is up to the job. I think the attorney general is inept and… https://t.co/KtkLqzkrFb,18
0.0,Tue Mar 20 16:44:26 +0000 2018,1.0,0.0,0.0,@FoxNews,"JUST IN: @POTUS: Texas bomber is 'very sick,' says 'we will get to the bottom of it' https://t.co/X6tqZknk4Z",19
-0.5994,Tue Mar 20 16:37:16 +0000 2018,0.738,0.262,0.0,@FoxNews,"100-year-old runner, a World War II vet, sets 5 new world track records https://t.co/0mJ8ZVGtX4",20
0.0,Tue Mar 20 16:35:08 +0000 2018,1.0,0.0,0.0,@FoxNews,".@POTUS: “I had a call with President Putin and congratulated him on the victory, his electoral victory… We will pr… https://t.co/NGgamhJmKt",21
-0.5956,Tue Mar 20 16:31:46 +0000 2018,0.815,0.185,0.0,@FoxNews,".@POTUS: “The bombings in Austin are terrible… This is obviously a very, very sick individual or maybe individuals.” https://t.co/mwzDwHD6gg",22
0.0,Tue Mar 20 16:05:37 +0000 2018,1.0,0.0,0.0,@FoxNews,College student reinstated after 18-day exile from Christianity class for gender speech (via @calebparke) https://t.co/BGlUJQvOVa,23
0.0,Tue Mar 20 16:03:24 +0000 2018,1.0,0.0,0.0,@FoxNews,First day of spring arrives: 5 things to know about the vernal equinox https://t.co/JOBsioj868,24
0.674,Tue Mar 20 16:00:54 +0000 2018,0.623,0.08,0.297,@FoxNews,OPINION: Supreme Court should not allow California to force pro-life pregnancy centers to promote abortion https://t.co/BcQ2tnQo5l,25
0.7506,Tue Mar 20 15:54:47 +0000 2018,0.632,0.0,0.368,@FoxNews,.@Walmart customer's kind gesture for veteran goes viral: 'I'm grateful for you' https://t.co/ILmK3OL7Eu,26
0.5994,Tue Mar 20 15:46:17 +0000 2018,0.671,0.0,0.329,@FoxNews,"House GOP leaders McCarthy, Scalise join calls for second special counsel https://t.co/4mNPCakvKX",27
-0.4215,Tue Mar 20 15:46:00 +0000 2018,0.606,0.268,0.126,@FoxNews,"Silence from Zuckerberg, Sandberg on Facebook scandal like putting 'gasoline on the fire' https://t.co/DDmREhgSaF… https://t.co/iEzajw3ELX",28
-0.34,Tue Mar 20 15:44:38 +0000 2018,0.844,0.156,0.0,@FoxNews,Man with gun reported at Panera Bread restaurant near Princeton University (via: @luciasuarezsang) https://t.co/4tG0INB8d5,29
-0.4404,Tue Mar 20 15:41:32 +0000 2018,0.539,0.29,0.17,@FoxNews,"JUST IN: Shooter dead, two injured after shooting at Great Mills High School in Maryland https://t.co/PR7p3gulEQ",30
0.0,Tue Mar 20 15:34:29 +0000 2018,1.0,0.0,0.0,@FoxNews,Officials give an update on the school shooting in Maryland https://t.co/fQM8o6NGry https://t.co/FkV7sdojWv,31
-0.128,Tue Mar 20 15:28:00 +0000 2018,0.694,0.168,0.139,@FoxNews,"Facebook data scandal: Social network's security chief in spotlight, reportedly leaving this year… https://t.co/7a8acG1dsQ",32
-0.25,Tue Mar 20 15:18:24 +0000 2018,0.8,0.2,0.0,@FoxNews,Expelled Russian diplomats begin trek back to Moscow https://t.co/jfxuSx4KFH,33
0.6249,Tue Mar 20 15:17:40 +0000 2018,0.76,0.0,0.24,@FoxNews,Shooting at Great Mills High School in Maryland injures at least three people https://t.co/PR7p3gulEQ,34
0.0,Tue Mar 20 15:14:03 +0000 2018,1.0,0.0,0.0,@FoxNews,"Spring nor'easter could bring upwards of 18 inches of snow, hampering Wednesday commute https://t.co/mk24na0mFc",35
0.296,Tue Mar 20 15:10:58 +0000 2018,0.872,0.0,0.128,@FoxNews,Crews Work to Restore Puerto Rico’s Power Grid Six Months after Hurricane Maria; @BryanLlenas reports https://t.co/KwHQaB0f5x,36
0.0,Tue Mar 20 15:10:14 +0000 2018,1.0,0.0,0.0,@FoxNews,Authorities hold news conference on explosion at Texas @FedEx plant https://t.co/X5flwoWkDc https://t.co/hoJFFi0daN,37
0.4005,Tue Mar 20 15:00:26 +0000 2018,0.881,0.0,0.119,@FoxNews,".@RepSwalwell: “If the president is completely innocent, he should just cooperate and get out of the way of this in… https://t.co/3fTIQNRzOa",38
-0.7579,Tue Mar 20 14:59:51 +0000 2018,0.698,0.302,0.0,@FoxNews,.@RepSwalwell: “I think it would cause a constitutional crisis if the president were able to fire [Mueller].” https://t.co/oQpFv4Jmdg,39
0.0,Tue Mar 20 14:54:42 +0000 2018,1.0,0.0,0.0,@FoxNews,.@RepSwalwell: “We should act immediately to preserve Bob Mueller’s role.” https://t.co/pfJtzoMCpg,40
-0.4019,Tue Mar 20 14:51:47 +0000 2018,0.816,0.184,0.0,@FoxNews,"Southern California town stands up to state, votes to reject sanctuary law https://t.co/UCWhWd0DR2",41
0.0,Tue Mar 20 14:50:58 +0000 2018,1.0,0.0,0.0,@FoxNews,RT @MikeEmanuelFox: Congress still wrestling with a $1.3 trillion Omnibus funding package-facing a Friday night deadline-from @AmericaNewsr…,42
-0.5574,Tue Mar 20 14:48:56 +0000 2018,0.825,0.175,0.0,@FoxNews,".@RajShah45: “We think that the DACA program, which President Obama put into effect, is illegal and unconstitutiona… https://t.co/4LUKeEULYx",43
0.4939,Tue Mar 20 14:45:51 +0000 2018,0.868,0.0,0.132,@FoxNews,.@RajShah45: “We remain confident that by the end of the week we’re going to have a funding bill that funds this Wh… https://t.co/RI6EK8Tmj4,44
-0.5065,Tue Mar 20 14:41:33 +0000 2018,0.743,0.204,0.052,@FoxNews,".@RajShah45: “The president maintains that there was no collusion, no obstruction in this matter and… once the spec… https://t.co/cFXXkLBS4m",45
0.0,Tue Mar 20 14:34:20 +0000 2018,1.0,0.0,0.0,@FoxNews,.@VP Mike Pence delivers remarks commemorating @POTUS’s National Agriculture Day proclamation. https://t.co/fJArfSD6YY,46
-0.6979,Tue Mar 20 14:32:40 +0000 2018,0.715,0.285,0.0,@FoxNews,"RT @FoxBusiness: ""We aren't interested in being PC, we aren't interested in being packaged, we're interested in being authentic.""

@EKANard…",47
0.0,Tue Mar 20 14:28:45 +0000 2018,1.0,0.0,0.0,@FoxNews,".@newtgingrich: “Every time the president tweets about Robert Mueller, he makes Mueller bigger and more important.” https://t.co/njql6cmpCp",48
0.0,Tue Mar 20 14:18:16 +0000 2018,1.0,0.0,0.0,@FoxNews,RT @FoxBusiness: #BreakingNews: @FedEx responds to explosion at facility near San Antonio. https://t.co/cD1ujWSnFY,49
0.4939,Tue Mar 20 14:17:52 +0000 2018,0.856,0.0,0.144,@FoxNews,"RT @FoxBusiness: .@charlipence on @iamjohnoliver's parody book on the second family's pet bunny: ""His book is contributing to charities tha…",50
0.0,Tue Mar 20 14:00:08 +0000 2018,1.0,0.0,0.0,@FoxNews,.@GOP leaders hold a news conference https://t.co/5IYWv0tMVJ,51
0.3612,Tue Mar 20 13:37:05 +0000 2018,0.839,0.0,0.161,@FoxNews,.@cvpayne on Wealthy Dems' Town Hall on Income Inequality: The 'Hypocrisy' Goes On https://t.co/Yt7Vex0DUO,52
0.0,Tue Mar 20 13:22:50 +0000 2018,1.0,0.0,0.0,@FoxNews,Disney to make live-action 'Lady and the Tramp' adaptation https://t.co/wB774V3s96,53
0.4019,Tue Mar 20 13:17:54 +0000 2018,0.886,0.0,0.114,@FoxNews,.@SenJohnKennedy: “The real issue in the budget is how can we properly fund the fence? How can we properly help our… https://t.co/q9jaM1xYVx,54
-0.3818,Tue Mar 20 13:14:58 +0000 2018,0.809,0.191,0.0,@FoxNews,.@SenJohnKennedy: “We need a budget. It’s embarrassing that we don’t have one.” https://t.co/GVm2rr98Zf,55
0.0,Tue Mar 20 13:11:45 +0000 2018,1.0,0.0,0.0,@FoxNews,"Device explodes in FedEx building outside San Antonio, police say (via @RyanGaydos @travfed)  https://t.co/fqlCo4ZcKf",56
0.0,Tue Mar 20 12:56:56 +0000 2018,1.0,0.0,0.0,@FoxNews,"RT @FoxBusiness: Volkswagen to build new SUV at Tennessee plant, invest $340M https://t.co/zGiebJcleQ https://t.co/82YePpALMY",57
-0.4215,Tue Mar 20 12:55:20 +0000 2018,0.784,0.152,0.064,@FoxNews,.@PressSec: “Sanctuary cities are a dangerous thing… When cities start picking and choosing laws that they want to… https://t.co/6uaFY6NomM,58
0.0,Tue Mar 20 12:50:16 +0000 2018,1.0,0.0,0.0,@FoxNews,.@PressSec: “The Democrats would much rather use DACA recipients as pawns instead of actually putting real solution… https://t.co/jglYrrBerZ,59
0.6249,Tue Mar 20 12:43:18 +0000 2018,0.745,0.0,0.255,@FoxNews,"JUST IN: Shooting at Great Mills High School in Maryland, school confirms https://t.co/PR7p3gulEQ",60
-0.3182,Tue Mar 20 12:33:00 +0000 2018,0.769,0.231,0.0,@FoxNews,.@JessicaTarlov: “I think Hillary Clinton is genuinely sorry that she offended anyone.” https://t.co/UOh5woSUKR,61
-0.7269,Tue Mar 20 12:26:59 +0000 2018,0.396,0.604,0.0,@FoxNews,Austin package bomb attacks timeline https://t.co/i519X5gFs5,62
-0.8176,Tue Mar 20 12:12:41 +0000 2018,0.651,0.349,0.0,@FoxNews,China's Xi takes swipe at Trump's new 'doomed to failure' Taiwan policy in nationalistic speech https://t.co/gMVXLkYPSs,63
0.1695,Tue Mar 20 11:58:45 +0000 2018,0.715,0.124,0.161,@FoxNews,Shelley Hasselbrink on @foxandfriends: “We need to not support illegal anything in our city.”… https://t.co/nt2OQNrDi7,64
-0.296,Tue Mar 20 11:51:24 +0000 2018,0.784,0.216,0.0,@FoxNews,Students volunteer to lower and fold flag @foxandfriends https://t.co/Z2a5vECREF,65
0.0,Tue Mar 20 11:40:50 +0000 2018,1.0,0.0,0.0,@FoxNews,"Device explodes in FedEx building outside San Antonio, police say https://t.co/X5flwoWkDc https://t.co/WT7b1ypnLm",66
-0.2263,Tue Mar 20 11:33:15 +0000 2018,0.921,0.079,0.0,@FoxNews,Mark Penn on @HillaryClinton: “It’s time for her to talk about the issues that she spent her life on. Forget the el… https://t.co/YrJzEDXDAD,67
-0.4767,Tue Mar 20 11:15:08 +0000 2018,0.728,0.272,0.0,@FoxNews,John Oliver slammed for 'controversial and partisan' mockery of Pence family bunny https://t.co/VZBU4q9OV2,68
0.0516,Tue Mar 20 11:11:58 +0000 2018,0.652,0.168,0.179,@FoxNews,OPINION: Cal Thomas: California's pro-abortion FACT Act is an attack on free speech https://t.co/GVHx2n5X6M,69
0.0,Tue Mar 20 11:08:29 +0000 2018,1.0,0.0,0.0,@FoxNews,.@Judgenap and @foxandfriends: “Congress and the states can’t force speech…The government can’t force you to expres… https://t.co/r0onh4zRKS,70
-0.4019,Tue Mar 20 11:03:21 +0000 2018,0.816,0.184,0.0,@FoxNews,"Southern California town stands up to state, votes to reject sanctuary law https://t.co/UCWhWd0DR2",71
0.0,Tue Mar 20 11:00:09 +0000 2018,1.0,0.0,0.0,@FoxNews,"UPDATE: San Antonio FedEx blast likely linked to Austin bombings, FBI says https://t.co/ATafK5ix9q",72
0.6597,Tue Mar 20 10:55:09 +0000 2018,0.508,0.131,0.36,@FoxNews,"OPINION: Retired US, British and French top generals: In a dangerous world, everyone needs trustworthy friends https://t.co/2STh0ZKUaW",73
-0.6249,Tue Mar 20 10:53:44 +0000 2018,0.796,0.204,0.0,@FoxNews,.@cvpayne on @foxandfriends: “Everywhere where progressives have been in control…they are the worst places in this… https://t.co/CGkhXK38Mq,74
0.0,Tue Mar 20 10:48:15 +0000 2018,1.0,0.0,0.0,@FoxNews,.@JaniceDean gives an update on the weather on @foxandfriends https://t.co/fz3Gjg2Rm2,75
0.0,Tue Mar 20 10:43:10 +0000 2018,1.0,0.0,0.0,@FoxNews,"Device explodes in FedEx building outside San Antonio, police say https://t.co/fqlCo4ZcKf  @ToddPiro https://t.co/oeyNdDyV8m",76
-0.3182,Tue Mar 20 10:34:28 +0000 2018,0.798,0.202,0.0,@FoxNews,.@JessicaTarlov on @foxandfriends: “I think Hillary Clinton is genuinely sorry that she offended anyone.” https://t.co/YGJFlzp2cT,77
0.6557,Tue Mar 20 10:30:01 +0000 2018,0.77,0.0,0.23,@FoxNews,".@POTUS on drug traffickers: “My Department of Justice will be seeking so many, much tougher penalties than we’ve e… https://t.co/hXtL5sIoR9",78
0.0,Tue Mar 20 10:27:41 +0000 2018,1.0,0.0,0.0,@FoxNews,Terry Turchie on device explosion at a FedEx facility in Texas @foxandfriends https://t.co/fqlCo4ZcKf https://t.co/RsiHNjun4u,79
-0.4767,Tue Mar 20 10:19:25 +0000 2018,0.744,0.256,0.0,@FoxNews,Uber's self-driving car accident latest hit to ride-share's reputation https://t.co/tmOkJ4SQ5w,80
0.0,Tue Mar 20 10:15:00 +0000 2018,0.617,0.191,0.191,@FoxNews,Arrested spring breakers flash big smiles on bus headed to jail https://t.co/152dQdRxCG,81
-0.1027,Tue Mar 20 10:08:00 +0000 2018,0.938,0.062,0.0,@FoxNews,".@POTUS: “We pay, as a country, so much more for drugs because of the drug lobbies &amp; other reasons…If you compare o… https://t.co/Vv2JZiD9IV",82
0.0,Tue Mar 20 10:04:46 +0000 2018,1.0,0.0,0.0,@FoxNews,"JUST IN: Device explodes in FedEx building outside San Antonio, police say https://t.co/fqlCo4ZcKf https://t.co/ViApZh4klP",83
-0.7717,Tue Mar 20 10:00:03 +0000 2018,0.729,0.271,0.0,@FoxNews,"During a speech about new efforts to fight the opioid crisis on Monday, @POTUS once again called for a border wall,… https://t.co/rRGzZsOkDV",84
-0.7506,Tue Mar 20 09:51:01 +0000 2018,0.439,0.561,0.0,@FoxNews,.@POTUS's initiative to stop opioid abuse https://t.co/oTcY26di0w,85
-0.5574,Tue Mar 20 09:45:30 +0000 2018,0.769,0.231,0.0,@FoxNews,Former French President Sarkozy placed in custody over illegal campaign funding: report https://t.co/mdZ2R02SbN,86
-0.7184,Tue Mar 20 09:40:51 +0000 2018,0.739,0.261,0.0,@FoxNews,".@jasoninthehouse on the firing of Andrew McCabe: ""You just don’t get fired overnight, this is something that proba… https://t.co/A2IbRlOZCX",87
-0.5106,Tue Mar 20 09:30:01 +0000 2018,0.672,0.229,0.099,@FoxNews,An 18-year-old gorilla at @phillyzoo hates to get his hands dirty. That’s why he sometimes walks upright like a hum… https://t.co/k3pwrSJqQn,88
-0.4019,Tue Mar 20 09:22:27 +0000 2018,0.828,0.172,0.0,@FoxNews,"Southern California town stands up to state, votes to reject sanctuary law https://t.co/UCWhWd0DR2 https://t.co/YIfVZPKOge",89
0.0,Tue Mar 20 09:18:45 +0000 2018,1.0,0.0,0.0,@FoxNews,"Chris Swecker: “The way the bombs are constructed, obviously this person has some skills.” https://t.co/77RBmNOnF1 https://t.co/EnMpBXAKAv",90
0.0,Tue Mar 20 09:15:07 +0000 2018,1.0,0.0,0.0,@FoxNews,‘Affluenza’ teen to be released from jail in 2 weeks https://t.co/QImhEbSBBx,91
0.0,Tue Mar 20 09:15:00 +0000 2018,1.0,0.0,0.0,@FoxNews,"White House, Dems restart negotiations over DACA, funding border wall https://t.co/dSnqiUcLxk",92
0.0,Tue Mar 20 09:00:01 +0000 2018,1.0,0.0,0.0,@FoxNews,".@IngrahamAngle: 'If Any Of Us Had Done What McCabe Did, We'd Already Be In Jail'  https://t.co/m8eZqyFH6r",93
-0.1027,Tue Mar 20 08:53:02 +0000 2018,0.707,0.157,0.136,@FoxNews,"Trey Songz arrested after allegedly punching woman at Los Angeles party, police say https://t.co/NuFQLhevoN (via @bdbrown473)",94
-0.6249,Tue Mar 20 08:45:00 +0000 2018,0.579,0.421,0.0,@FoxNews,Tucker Blasts 'Third-World Nonsense' Surrounding Andrew McCabe's Firing https://t.co/1yL4zv2yDD,95
-0.34,Tue Mar 20 08:30:00 +0000 2018,0.862,0.138,0.0,@FoxNews,".@IngrahamAngle on McCabe firing: ""When the government learns of wrongdoing, shouldn't it act immediately?...Who ca… https://t.co/9Ce7FC9s6o",96
-0.5994,Tue Mar 20 08:18:48 +0000 2018,0.588,0.333,0.078,@FoxNews,"Trump rips Mueller, denounces critics, escaping his 'cage https://t.co/ZKaN8uUOVR via @HowardKurtz @MediaBuzzFNC",97
-0.5719,Tue Mar 20 08:15:00 +0000 2018,0.761,0.239,0.0,@FoxNews,'Build The Wall and Keep the Damn Drugs Out': #Trump Slams Dems' Inaction in Opioid Speech https://t.co/cSDfyFcpNI,98
-0.872,Tue Mar 20 08:13:41 +0000 2018,0.502,0.498,0.0,@FoxNews,"Severe storms leave widespread damage, thousands without power and one reported death in Southeast… https://t.co/Vovy5sH6xe",99
0.5574,Tue Mar 20 08:08:00 +0000 2018,0.796,0.0,0.204,@FoxNews,It was a special day at @dollysstampede? as Sgt. Bryan Samsel surprised his wife after returning home from a year o… https://t.co/CaZtkg731p,100
0.0,Tue Mar 20 18:58:06 +0000 2018,1.0,0.0,0.0,@nytimes,Authorities are scrambling for clues that could connect a package that exploded in San Antonio to the explosions in… https://t.co/vDdsdRmsxK,1
0.0,Tue Mar 20 18:52:42 +0000 2018,1.0,0.0,0.0,@nytimes,This is a story about dogs at the movies https://t.co/8afzOXv0C1 https://t.co/U6jURj2LPl,2
-0.3182,Tue Mar 20 18:48:05 +0000 2018,0.867,0.133,0.0,@nytimes,A California law that requires “crisis pregnancy centers” to provide information about abortion met a skeptical rec… https://t.co/rebHavwlUR,3
0.0772,Tue Mar 20 18:38:03 +0000 2018,0.942,0.0,0.058,@nytimes,"RT @nytimesworld: As the number of mountaineers winding through the Everest region has multiplied, so has the trash — beer bottles, food ca…",4
0.2732,Tue Mar 20 18:28:05 +0000 2018,0.89,0.0,0.11,@nytimes,RT @nytopinion: Running across a person who had committed genocide was always a possibility in Argentina in the 1990s https://t.co/5RTwC8va…,5
0.4215,Tue Mar 20 18:18:04 +0000 2018,0.859,0.0,0.141,@nytimes,"If you liked Kim Kardashian on Facebook, researchers can tell how extroverted (very), conscientious (more than most… https://t.co/Cj11Mh00Kf",6
-0.7184,Tue Mar 20 18:08:21 +0000 2018,0.72,0.28,0.0,@nytimes,"Cynthia Nixon, on her first full day as a candidate, wasted no time in confronting Gov. Cuomo in sharp and personal… https://t.co/dAknK25Uvi",7
0.2263,Tue Mar 20 17:58:03 +0000 2018,0.821,0.068,0.111,@nytimes,"A Trump administration proposal would limit the ability of the U.S., Mexico and Canada to warn consumers about the… https://t.co/EcOckxj3e3",8
-0.5267,Tue Mar 20 17:48:02 +0000 2018,0.866,0.134,0.0,@nytimes,"RT @nytimesarts: The story of ""Roxanne's Revenge"" and Roxanne Shanté, who paved the way for Foxy Brown, Lil' Kim, Cardi B and others https:…",9
0.0,Tue Mar 20 17:41:09 +0000 2018,1.0,0.0,0.0,@nytimes,RT @jimrutenberg: EXCLUSIVE/BREAKING: Former Playboy model Karen McDougal sues to get out of “catch and kill” deal with National Enquirer p…,10
0.2732,Tue Mar 20 17:35:50 +0000 2018,0.751,0.083,0.166,@nytimes,A former Playboy model who claimed she had an affair with Donald Trump is suing to be freed from a 2016 legal deal… https://t.co/0aeHzdcgS8,11
-0.1027,Tue Mar 20 17:32:06 +0000 2018,0.909,0.091,0.0,@nytimes,Their pay has stood still. Now Oklahoma teachers could be the next to walk. https://t.co/vCjft7hP9f,12
-0.5267,Tue Mar 20 17:22:07 +0000 2018,0.861,0.139,0.0,@nytimes,An NYC agency has documented every instance it believes it has caught an police officer lying. But of the 81 cases… https://t.co/DsQTOBOveR,13
0.4939,Tue Mar 20 17:06:41 +0000 2018,0.842,0.0,0.158,@nytimes,"Breaking News: President Trump called Vladimir Putin to congratulate him for his re-election victory, days after th… https://t.co/OlTzbOBXZ6",14
0.101,Tue Mar 20 17:02:05 +0000 2018,0.792,0.097,0.111,@nytimes,"RT @jeligon: “One of the most popular liberal post-racial ideas is the idea that the fundamental problem is class and not race, and clearly…",15
-0.34,Tue Mar 20 16:55:48 +0000 2018,0.602,0.244,0.154,@nytimes,"• The shooting suspect in the Great Mills high school shooting has been confirmed dead.
• Two students were injured… https://t.co/pvsZWuCHWZ",16
0.0,Tue Mar 20 16:52:05 +0000 2018,1.0,0.0,0.0,@nytimes,Mississippi's governor is expected to pick the state's agricultural commissioner — who would be the first woman to… https://t.co/w8trN1KI4m,17
0.0,Tue Mar 20 16:42:04 +0000 2018,1.0,0.0,0.0,@nytimes,"Next month, the U.S. economic recovery will become the second-longest on record. Here's how it might end. https://t.co/2mLbMtzQCy",18
0.3612,Tue Mar 20 16:32:05 +0000 2018,0.783,0.0,0.217,@nytimes,Are you ready to quit Facebook? (From March 2017) https://t.co/AJ0vqx0nui,19
-0.1531,Tue Mar 20 16:22:24 +0000 2018,0.846,0.088,0.065,@nytimes,"Larry Kwong, the NHL's first player of Asian descent, has died at 94. He played only one game in 1948, but that was… https://t.co/h5RRO4pGmH",20
0.0,Tue Mar 20 16:12:05 +0000 2018,1.0,0.0,0.0,@nytimes,"Canada's outdoor rinks are melting. And with them, so is a way of life. https://t.co/lilvF3C3kS",21
-0.2732,Tue Mar 20 16:02:04 +0000 2018,0.916,0.084,0.0,@nytimes,RT @nytlizrobbins: Is he New York state's Joe Arpaio? A lone New York sheriff signs up to aid immigration crackdown. He says it's for publi…,22
0.296,Tue Mar 20 15:52:08 +0000 2018,0.721,0.113,0.167,@nytimes,"La Borinqueña, a Puerto Rican heroine, will be fighting alongside Wonder Woman, Batman, Superman and other DC Comic… https://t.co/gXwfwlBS3T",23
-0.5106,Tue Mar 20 15:42:03 +0000 2018,0.864,0.136,0.0,@nytimes,"RT @nytpolitics: Ben Carson told a House committee he failed to adhere to a federal spending cap for the purchase of a $31,000 mahogany din…",24
0.0,Tue Mar 20 15:38:33 +0000 2018,1.0,0.0,0.0,@nytimes,"Ben Carson said the purchase of a $31,000 dining room set for his office wasn't about decoration. It was about safe… https://t.co/ZLE7c2NQuY",25
-0.5574,Tue Mar 20 15:32:04 +0000 2018,0.847,0.153,0.0,@nytimes,"Andrew McCabe, the former FBI deputy director, was fired late Friday night — on the eve of his retirement. Here’s w… https://t.co/g8NhNgTWtL",26
-0.5574,Tue Mar 20 15:22:05 +0000 2018,0.825,0.175,0.0,@nytimes,The last male northern white rhino in the world has died. Just 2 northern white rhinos now remain. https://t.co/iGPYGlACEH,27
0.0,Tue Mar 20 15:19:35 +0000 2018,1.0,0.0,0.0,@nytimes,"Meet Nemo and Mickey, the beagles who hunt bedbugs for NYC's Department of Housing Preservation and Development… https://t.co/6pDggDt2Im",28
-0.5574,Tue Mar 20 15:12:05 +0000 2018,0.854,0.146,0.0,@nytimes,"""I didn't even know what tuberculosis was,"" one woman said. ""Then my mother died and because nobody in my family ha… https://t.co/H5y5h3iA74",29
-0.0516,Tue Mar 20 15:02:04 +0000 2018,0.663,0.173,0.163,@nytimes,The Federal Trade Commission is investigating whether Facebook violated an agreement on data privacy https://t.co/WTUVDrck2a,30
0.5994,Tue Mar 20 15:02:04 +0000 2018,0.786,0.0,0.214,@nytimes,RT @UpshotNYT: What recent special elections can and can't tell us about prospects for Democrats in the 2018 midterms. https://t.co/IvyvHVo…,31
0.3612,Tue Mar 20 14:52:05 +0000 2018,0.884,0.0,0.116,@nytimes,"New York is getting ready for yet another major snowstorm, just in time for the first day of spring https://t.co/zaiixeU3IV",32
0.34,Tue Mar 20 14:42:03 +0000 2018,0.893,0.0,0.107,@nytimes,"RT @NYTSports: “This is the real March Madness.” 32 teams, seven days and one shared hotel. It's the @NAIA tournament. https://t.co/jmeABGb…",33
-0.4767,Tue Mar 20 14:40:08 +0000 2018,0.853,0.147,0.0,@nytimes,"Your daily @DealBook Briefing: 

• Facebook had a terrible day.

• So did Uber.

• Leaders at the G-20 summit are s… https://t.co/pA9s2WtIhM",34
0.34,Tue Mar 20 14:33:17 +0000 2018,0.595,0.161,0.244,@nytimes,"3 people were injured in a high school shooting in Great Mills, Maryland https://t.co/KhSQHiGmvW",35
-0.2732,Tue Mar 20 14:32:06 +0000 2018,0.884,0.116,0.0,@nytimes,Nigerian officials had been warned that Boko Haram militants were approaching before 110 schoolgirls were kidnapped… https://t.co/3EzNLJixMI,36
0.0,Tue Mar 20 14:22:02 +0000 2018,1.0,0.0,0.0,@nytimes,Facebook’s open platform for apps helped it grow. But it has become a privacy nightmare. https://t.co/00Y2uFFUH3,37
0.0,Tue Mar 20 14:10:31 +0000 2018,1.0,0.0,0.0,@nytimes,"In Opinion 

The Editorial Board writes: Lawmakers and regulators need to force Facebook to quickly identify and al… https://t.co/Tyw2AIc5K2",38
0.0,Tue Mar 20 14:00:28 +0000 2018,1.0,0.0,0.0,@nytimes,Morning Briefing: Here's what you need to know to start your day https://t.co/SWJ1ymff77 https://t.co/DSPkK8sSdL,39
-0.4939,Tue Mar 20 13:46:07 +0000 2018,0.849,0.151,0.0,@nytimes,Experts fear that Venezuela is teetering on the brink of a tuberculosis epidemic that could spill over its borders… https://t.co/zqYZEWeISP,40
0.0,Tue Mar 20 13:30:06 +0000 2018,1.0,0.0,0.0,@nytimes,What we know about the bombings and explosions in Austin and San Antonio https://t.co/TOvCv2aqTe https://t.co/n7sDDSlH8j,41
0.0,Tue Mar 20 13:17:05 +0000 2018,1.0,0.0,0.0,@nytimes,A package that exploded at a FedEx center near San Antonio was addressed to Austin and was believed to be connected… https://t.co/Vzaq1ejguz,42
-0.7269,Tue Mar 20 13:00:11 +0000 2018,0.757,0.243,0.0,@nytimes,"""When I deployed to Iraq in 2003, there was no war. We had to start it,"" a former Marine Corps tanker writes https://t.co/RYFCbhplRc",43
-0.2263,Tue Mar 20 12:45:04 +0000 2018,0.81,0.113,0.077,@nytimes,The Uber car was in autonomous mode with a human safety driver at the wheel but carrying no passengers when it stru… https://t.co/I5FryTdFCz,44
0.0,Tue Mar 20 12:28:03 +0000 2018,1.0,0.0,0.0,@nytimes,"Education Secretary Betsy DeVos has clashed with staff members over a reorganization plan, which they say she tried… https://t.co/SlIjmhturB",45
0.0,Tue Mar 20 12:15:08 +0000 2018,1.0,0.0,0.0,@nytimes,"Andrew Cuomo directed the state attorney general to review how the Manhattan district attorney, Cyrus Vance, handle… https://t.co/BHP29AUBm9",46
0.0,Tue Mar 20 12:00:06 +0000 2018,1.0,0.0,0.0,@nytimes,Morning Briefing: Here's what you need to know to start your day https://t.co/dUPBGiOjj1 https://t.co/vkuvAEbjDz,47
0.25,Tue Mar 20 11:50:08 +0000 2018,0.889,0.0,0.111,@nytimes,"In Opinion

Op-Ed columnist @michelleinbklyn writes: ""If the Trump campaign had a social media advantage, one reaso… https://t.co/uza16auFHK",48
0.1451,Tue Mar 20 11:39:04 +0000 2018,0.765,0.105,0.13,@nytimes,"""Thanks to Britain, they've ensured a level of turnout we weren't hoping to achieve by ourselves."" Russia has credi… https://t.co/6vZ9ZGFnhB",49
0.5809,Tue Mar 20 11:30:07 +0000 2018,0.701,0.072,0.227,@nytimes,"""The company regrets that it cannot undo the damage Harvey Weinstein caused, but hopes that today's events will mar… https://t.co/RAclA0ufYj",50
0.4754,Tue Mar 20 11:20:08 +0000 2018,0.808,0.0,0.192,@nytimes,A look at how the most powerful man in Russia is staying that way https://t.co/FfeEbyu00E,51
0.296,Tue Mar 20 11:11:05 +0000 2018,0.879,0.0,0.121,@nytimes,"Steven Mnuchin: ""The objective is not to put tariffs on everybody but to solve the issue"" https://t.co/VErv4gPvSS",52
0.3818,Tue Mar 20 11:00:04 +0000 2018,0.885,0.0,0.115,@nytimes,"President Trump has weighed aloud in recent days to close associates whether to dismiss his lawyer Ty Cobb, who had… https://t.co/Ca6ekto0ZX",53
0.4215,Tue Mar 20 10:44:03 +0000 2018,0.877,0.0,0.123,@nytimes,"In Opinion 

Op-Ed contributor Sinan Antoon writes: ""The invasion of Iraq is often spoken of in the United States a… https://t.co/ulyJNeBDLY",54
0.0,Tue Mar 20 10:36:06 +0000 2018,1.0,0.0,0.0,@nytimes,"Morning Briefing: Here's what you need to know to start your day 
https://t.co/OnA4rHBW9i https://t.co/BAD5GT7f8L",55
0.0,Tue Mar 20 10:14:01 +0000 2018,1.0,0.0,0.0,@nytimes,RT @nytimesworld: NGOs operate about 40 women's shelters in Afghanistan. The Afghan government is seeking to take financial control of them…,56
-0.5859,Tue Mar 20 10:00:07 +0000 2018,0.817,0.183,0.0,@nytimes,"Britain's foreign secretary said that Russia's denials of responsibility in the poisoning of a former spy were ""inc… https://t.co/yavwUc9rpH",57
0.0,Tue Mar 20 09:45:09 +0000 2018,1.0,0.0,0.0,@nytimes,"At a conference on whale biology in 1971, a female attendee was photographed but not identified. Last week, a team… https://t.co/lvcWO61ksG",58
-0.4939,Tue Mar 20 09:30:14 +0000 2018,0.856,0.144,0.0,@nytimes,"The Weinstein Company said it released anyone ""who suffered or witnessed any form of sexual misconduct by Harvey We… https://t.co/nHS3fvgzBX",59
0.2732,Tue Mar 20 09:15:06 +0000 2018,0.851,0.0,0.149,@nytimes,British and EU negotiators agreed on the terms of a 21-month Brexit transition https://t.co/VMU82Vx0X2,60
0.0,Tue Mar 20 09:00:18 +0000 2018,1.0,0.0,0.0,@nytimes,A Facebook executive who urged transparency on Russian disinformation is said to be leaving after clashing with oth… https://t.co/YIe5Pp6zb7,61
0.2023,Tue Mar 20 08:45:06 +0000 2018,0.795,0.0,0.205,@nytimes,5 important takeaways from China's National People's Congress https://t.co/ktm54IYt4R,62
0.0,Tue Mar 20 08:30:12 +0000 2018,1.0,0.0,0.0,@nytimes,Videos appear to show individuals casting multiple ballots during Russia's election  https://t.co/CHuJr7GdJ5,63
0.4939,Tue Mar 20 08:15:04 +0000 2018,0.792,0.0,0.208,@nytimes,Britain's government has raised the possibility that it might consider seizing the assets of wealthy Russians like… https://t.co/eoMrHLRvCZ,64
-0.5994,Tue Mar 20 08:02:02 +0000 2018,0.795,0.205,0.0,@nytimes,"A U.S. soldier in Niger warned that his unit was ill equipped for a raid on a militant. They were sent anyway, and… https://t.co/c4JMwYfTZf",65
-0.4215,Tue Mar 20 07:47:03 +0000 2018,0.882,0.118,0.0,@nytimes,RT @nytimesworld: The kidnapping of 110 girls by Boko Haram has left anguished parents asking how such a kidnapping could happen again http…,66
0.0,Tue Mar 20 07:32:03 +0000 2018,1.0,0.0,0.0,@nytimes,"“Send some girls around to the candidate’s house.”

As part of a monthslong investigation into Cambridge Analytica,… https://t.co/yArOs3bQmM",67
0.5574,Tue Mar 20 07:17:04 +0000 2018,0.787,0.0,0.213,@nytimes,"RT @ScottShaneNYT: Covering Facebook is a bit like covering the government now, in scale and significance. And @nicoleperlroth @sheeraf can…",68
0.6124,Tue Mar 20 07:07:42 +0000 2018,0.615,0.0,0.385,@nytimes,How to Enjoy Fine Dining on a Fast Food Budget https://t.co/Zvv75ozqhq,69
0.0,Tue Mar 20 07:02:05 +0000 2018,1.0,0.0,0.0,@nytimes,"The Australian comic Hannah Gadsby calls out Louis C.K., Harvey Weinstein and Bill Clinton, but her real target is… https://t.co/VlFMTsQZti",70
0.0,Tue Mar 20 06:33:04 +0000 2018,1.0,0.0,0.0,@nytimes,RT @nytimesworld: President Bashar al-Assad of Syria took a tour of the eastern Ghouta suburb of Damascus after a government military offen…,71
-0.4404,Tue Mar 20 06:18:45 +0000 2018,0.756,0.244,0.0,@nytimes,Can Wikipedia bear the burden of fact-checking YouTube videos? https://t.co/6vZsPdX5z0,72
0.4404,Tue Mar 20 06:02:03 +0000 2018,0.818,0.0,0.182,@nytimes,The shopping gems in Belfast's lively city center are the independently owned establishments https://t.co/AwXscJyNqA,73
0.4588,Tue Mar 20 05:32:05 +0000 2018,0.705,0.099,0.196,@nytimes,"RT @UpshotNYT: New research shows that even black boys who grow up wealthy are more likely to wind up poor than to stay rich.
https://t.co/…",74
-0.1027,Tue Mar 20 05:02:04 +0000 2018,0.755,0.132,0.113,@nytimes,"Facebook’s chief information security officer, Alex Stamos, is said to have had internal disagreements over how the… https://t.co/bxcrB2UI4o",75
0.0,Tue Mar 20 04:47:04 +0000 2018,1.0,0.0,0.0,@nytimes,RT @kimseverson: Stuffed ham is a dying art. Or maybe not. Come read about my journey to the land of stuffed ham and decide. https://t.co/9…,76
0.0,Tue Mar 20 04:32:06 +0000 2018,1.0,0.0,0.0,@nytimes,Facebook’s open platform for third-party apps helped it grow into a juggernaut. But it’s become a privacy nightmare. https://t.co/HUEJOTDUCF,77
0.4215,Tue Mar 20 04:17:05 +0000 2018,0.882,0.0,0.118,@nytimes,RT @marclacey: Can you believe it’s been six months since Harvey flooded Houston? Here’s a powerful look by @nytvideo at one neighborhood t…,78
-0.5106,Tue Mar 20 04:02:02 +0000 2018,0.788,0.212,0.0,@nytimes,"As President Trump openly discussed firing one of his lawyers, another considered resigning and a third — who pushe… https://t.co/t6nEelnV6l",79
-0.5994,Tue Mar 20 03:47:01 +0000 2018,0.776,0.224,0.0,@nytimes,Mississippi has imposed a ban on abortions after 15 weeks. The state's only abortion clinic immediately sued to blo… https://t.co/KqLmc4NspZ,80
0.0,Tue Mar 20 03:32:03 +0000 2018,1.0,0.0,0.0,@nytimes,RT @kevinroose: New by me: Facebook’s open platform for third-party apps helped it grow into a juggernaut. But it’s become a privacy nightm…,81
0.2023,Tue Mar 20 03:17:06 +0000 2018,0.583,0.175,0.242,@nytimes,4 easy ways to cut down your sugar intake https://t.co/rRf9xm6WHS,82
-0.34,Tue Mar 20 03:02:05 +0000 2018,0.902,0.098,0.0,@nytimes,RT @nytmike: Dowd wants to quit. Trump’s talking about firing Cobb. Another lawyer — who says FBI made up evidence against Trump — was hire…,83
-0.2023,Tue Mar 20 02:47:07 +0000 2018,0.913,0.087,0.0,@nytimes,"The brother of Nikolas Cruz was charged with trespassing at Marjory Stoneman Douglas High School on Monday, the aut… https://t.co/h0o2gTJ7HO",84
0.0,Tue Mar 20 02:32:04 +0000 2018,1.0,0.0,0.0,@nytimes,"Audit your Facebook apps, audit your Facebook privacy settings, and 5 other tips for protecting your data on Facebo… https://t.co/t87b7WJjZH",85
0.0,Tue Mar 20 02:17:06 +0000 2018,1.0,0.0,0.0,@nytimes,"Claire’s, the teen jewelry chain known for its ear-piercing services, filed for Chapter 11 bankruptcy protection https://t.co/mn4hvSQjkf",86
-0.6369,Tue Mar 20 02:02:02 +0000 2018,0.512,0.346,0.142,@nytimes,The Supreme Court rejected an emergency request from Pennsylvania Republicans to block new congressional voting dis… https://t.co/DeLYEPkfdu,87
0.128,Tue Mar 20 01:47:04 +0000 2018,0.83,0.076,0.094,@nytimes,RT @sheeraf: To be clear: We spoke to seven current and former Facebook employees for this story on how internal disputes over FB's role in…,88
-0.5994,Tue Mar 20 01:32:03 +0000 2018,0.795,0.205,0.0,@nytimes,"A U.S. soldier in Niger warned that his unit was ill equipped for a raid on a militant. They were sent anyway, and… https://t.co/0U7C8aSiyP",89
0.0,Tue Mar 20 01:17:03 +0000 2018,1.0,0.0,0.0,@nytimes,Evening Briefing: Here's what you need to know at the end of the day https://t.co/HYYSMwnO4R,90
0.2732,Tue Mar 20 01:00:19 +0000 2018,0.896,0.0,0.104,@nytimes,"After we published an article on tipping and the power imbalance it creates between customers and servers, readers… https://t.co/LJx3uSo2dF",91
-0.296,Tue Mar 20 00:48:11 +0000 2018,0.781,0.152,0.066,@nytimes,"RT @sheeraf: Full story now up. Alex Stamos is the first Facebook executive to leave the company, amid growing internal tensions over disin…",92
0.0,Tue Mar 20 00:32:02 +0000 2018,1.0,0.0,0.0,@nytimes,"At a conference on whale biology in 1971, a female attendee was photographed but not identified. Last week, a team… https://t.co/BfdgD7NSnJ",93
0.0,Tue Mar 20 00:17:03 +0000 2018,1.0,0.0,0.0,@nytimes,"RT @nytopinion: Despite Facebook’s claims, everyone involved in the Cambridge Analytica data-siphoning incident did not give his or her “co…",94
0.0,Tue Mar 20 00:02:05 +0000 2018,1.0,0.0,0.0,@nytimes,Mary Outerbridge set up a tennis court in Staten Island in her 20s. It may have been the first in the U.S. https://t.co/MrVl8V3Mll,95
-0.8271,Mon Mar 19 23:32:03 +0000 2018,0.697,0.303,0.0,@nytimes,New York City’s subway hit a new low in January: Just 58.1% of weekday trains arrived on time. The MTA blamed bad w… https://t.co/AjE2LhnBWu,96
-0.539,Mon Mar 19 23:17:05 +0000 2018,0.498,0.302,0.2,@nytimes,"RT @KevinQ: The worst places for poor white children are almost all better than the best places for poor black children.

https://t.co/EPZt…",97
0.0,Mon Mar 19 23:02:04 +0000 2018,1.0,0.0,0.0,@nytimes,Evening Briefing: Here's what you need to know at the end of the day https://t.co/tQvejB0Xpm,98
-0.1027,Mon Mar 19 22:44:07 +0000 2018,0.766,0.126,0.108,@nytimes,RT @nicoleperlroth: NEW: Facebook's security officer @alexstamos is leaving the company amid disagreements with Facebook execs over how to…,99
-0.4215,Mon Mar 19 22:34:00 +0000 2018,0.872,0.128,0.0,@nytimes,Alex Stamos is said to be leaving Facebook after internal disagreements over how the social network should deal wit… https://t.co/2tbsL4WojM,100
